INSERT INTO BRANDS (UNIQUE_NAME, DISPLAY_NAME) VALUES ('western-digital', 'Western Digital');
INSERT INTO BRANDS (UNIQUE_NAME, DISPLAY_NAME) VALUES ('seagate', 'Seagate');
INSERT INTO BRANDS (UNIQUE_NAME, DISPLAY_NAME) VALUES ('samsung', 'Samsung');
INSERT INTO BRANDS (UNIQUE_NAME, DISPLAY_NAME) VALUES ('adata', 'Adata');
INSERT INTO BRANDS (UNIQUE_NAME, DISPLAY_NAME) VALUES ('toshiba', 'Toshiba');
INSERT INTO BRANDS (UNIQUE_NAME, DISPLAY_NAME) VALUES ('crucial', 'Crucial');
INSERT INTO BRANDS (UNIQUE_NAME, DISPLAY_NAME) VALUES ('sandisk', 'SanDisk');
INSERT INTO BRANDS (UNIQUE_NAME, DISPLAY_NAME) VALUES ('kingston', 'Kingston');
INSERT INTO BRANDS (UNIQUE_NAME, DISPLAY_NAME) VALUES ('pny', 'PNY');
INSERT INTO BRANDS (UNIQUE_NAME, DISPLAY_NAME) VALUES ('transcend', 'Transcend');
INSERT INTO BRANDS (UNIQUE_NAME, DISPLAY_NAME) VALUES ('lexar', 'Lexar');
INSERT INTO BRANDS (UNIQUE_NAME, DISPLAY_NAME) VALUES ('corsair', 'Corsair');
INSERT INTO BRANDS (UNIQUE_NAME, DISPLAY_NAME) VALUES ('sonos', 'Sonos');
INSERT INTO BRANDS (UNIQUE_NAME, DISPLAY_NAME) VALUES ('jbl', 'JBL');
INSERT INTO BRANDS (UNIQUE_NAME, DISPLAY_NAME) VALUES ('amazon', 'Amazon');
INSERT INTO BRANDS (UNIQUE_NAME, DISPLAY_NAME) VALUES ('google', 'Google');
INSERT INTO BRANDS (UNIQUE_NAME, DISPLAY_NAME) VALUES ('bose', 'Bose');
INSERT INTO BRANDS (UNIQUE_NAME, DISPLAY_NAME) VALUES ('anker', 'Anker');
INSERT INTO BRANDS (UNIQUE_NAME, DISPLAY_NAME) VALUES ('xiaomi', 'Xiaomi');
INSERT INTO BRANDS (UNIQUE_NAME, DISPLAY_NAME) VALUES ('apple', 'Apple');
INSERT INTO BRANDS (UNIQUE_NAME, DISPLAY_NAME) VALUES ('sony', 'Sony');
INSERT INTO BRANDS (UNIQUE_NAME, DISPLAY_NAME) VALUES ('skullcandy', 'Skullcandy');
INSERT INTO BRANDS (UNIQUE_NAME, DISPLAY_NAME) VALUES ('sennheiser', 'Sennheiser');
INSERT INTO BRANDS (UNIQUE_NAME, DISPLAY_NAME) VALUES ('jabra', 'Jabra');
INSERT INTO BRANDS (UNIQUE_NAME, DISPLAY_NAME) VALUES ('soundcore', 'Soundcore');
INSERT INTO BRANDS (UNIQUE_NAME, DISPLAY_NAME) VALUES ('marshall', 'Marshall');
INSERT INTO BRANDS (UNIQUE_NAME, DISPLAY_NAME) VALUES ('harman-kardon', 'Harman Kardon');
INSERT INTO BRANDS (UNIQUE_NAME, DISPLAY_NAME) VALUES ('lg', 'LG');
INSERT INTO BRANDS (UNIQUE_NAME, DISPLAY_NAME) VALUES ('dji', 'DJI');
INSERT INTO BRANDS (UNIQUE_NAME, DISPLAY_NAME) VALUES ('autel-robotics', 'Autel Robotics');
INSERT INTO BRANDS (UNIQUE_NAME, DISPLAY_NAME) VALUES ('skydio', 'Skydio');
INSERT INTO BRANDS (UNIQUE_NAME, DISPLAY_NAME) VALUES ('parrot', 'Parrot');
INSERT INTO BRANDS (UNIQUE_NAME, DISPLAY_NAME) VALUES ('hubsan', 'Hubsan');
INSERT INTO BRANDS (UNIQUE_NAME, DISPLAY_NAME) VALUES ('potensic', 'Potensic');
INSERT INTO BRANDS (UNIQUE_NAME, DISPLAY_NAME) VALUES ('holy-stone', 'Holy Stone');
INSERT INTO BRANDS (UNIQUE_NAME, DISPLAY_NAME) VALUES ('pgytech', 'PGYTech');
INSERT INTO BRANDS (UNIQUE_NAME, DISPLAY_NAME) VALUES ('manfrotto', 'Manfrotto');
INSERT INTO BRANDS (UNIQUE_NAME, DISPLAY_NAME) VALUES ('joby', 'JOBY');
INSERT INTO BRANDS (UNIQUE_NAME, DISPLAY_NAME) VALUES ('benro', 'Benro');
INSERT INTO BRANDS (UNIQUE_NAME, DISPLAY_NAME) VALUES ('velbon', 'Velbon');
INSERT INTO BRANDS (UNIQUE_NAME, DISPLAY_NAME) VALUES ('sirui', 'Sirui');
INSERT INTO BRANDS (UNIQUE_NAME, DISPLAY_NAME) VALUES ('canon', 'Canon');
INSERT INTO BRANDS (UNIQUE_NAME, DISPLAY_NAME) VALUES ('nikon', 'Nikon');
INSERT INTO BRANDS (UNIQUE_NAME, DISPLAY_NAME) VALUES ('tamron', 'Tamron');
INSERT INTO BRANDS (UNIQUE_NAME, DISPLAY_NAME) VALUES ('hoya', 'Hoya');
INSERT INTO BRANDS (UNIQUE_NAME, DISPLAY_NAME) VALUES ('gopro', 'GoPro');
INSERT INTO BRANDS (UNIQUE_NAME, DISPLAY_NAME) VALUES ('delonghi', 'DeLonghi');
INSERT INTO BRANDS (UNIQUE_NAME, DISPLAY_NAME) VALUES ('tcl', 'TCL');
INSERT INTO BRANDS (UNIQUE_NAME, DISPLAY_NAME) VALUES ('black+decker', 'Black+Decker');
INSERT INTO BRANDS (UNIQUE_NAME, DISPLAY_NAME) VALUES ('whynter', 'Whynter');
INSERT INTO BRANDS (UNIQUE_NAME, DISPLAY_NAME) VALUES ('honeywell', 'Honeywell');
INSERT INTO BRANDS (UNIQUE_NAME, DISPLAY_NAME) VALUES ('rowenta', 'Rowenta');
INSERT INTO BRANDS (UNIQUE_NAME, DISPLAY_NAME) VALUES ('dyson', 'Dyson');
INSERT INTO BRANDS (UNIQUE_NAME, DISPLAY_NAME) VALUES ('lasko', 'Lasko');
INSERT INTO BRANDS (UNIQUE_NAME, DISPLAY_NAME) VALUES ('bionaire', 'Bionaire');
INSERT INTO BRANDS (UNIQUE_NAME, DISPLAY_NAME) VALUES ('nespresso', 'Nespresso');
INSERT INTO BRANDS (UNIQUE_NAME, DISPLAY_NAME) VALUES ('hamilton-beach', 'Hamilton Beach');
INSERT INTO BRANDS (UNIQUE_NAME, DISPLAY_NAME) VALUES ('breville', 'Breville');
INSERT INTO BRANDS (UNIQUE_NAME, DISPLAY_NAME) VALUES ('keurig', 'Keurig');
INSERT INTO BRANDS (UNIQUE_NAME, DISPLAY_NAME) VALUES ('philips', 'Philips');
INSERT INTO BRANDS (UNIQUE_NAME, DISPLAY_NAME) VALUES ('tefal', 'Tefal');
INSERT INTO BRANDS (UNIQUE_NAME, DISPLAY_NAME) VALUES ('bosch', 'Bosch');
INSERT INTO BRANDS (UNIQUE_NAME, DISPLAY_NAME) VALUES ('russell-hobbs', 'Russell Hobbs');
INSERT INTO BRANDS (UNIQUE_NAME, DISPLAY_NAME) VALUES ('smeg', 'Smeg');
INSERT INTO BRANDS (UNIQUE_NAME, DISPLAY_NAME) VALUES ('ninja', 'Ninja');
INSERT INTO BRANDS (UNIQUE_NAME, DISPLAY_NAME) VALUES ('oster', 'Oster');
INSERT INTO BRANDS (UNIQUE_NAME, DISPLAY_NAME) VALUES ('vitamix', 'Vitamix');
INSERT INTO BRANDS (UNIQUE_NAME, DISPLAY_NAME) VALUES ('panasonic', 'Panasonic');
INSERT INTO BRANDS (UNIQUE_NAME, DISPLAY_NAME) VALUES ('sharp', 'Sharp');
INSERT INTO BRANDS (UNIQUE_NAME, DISPLAY_NAME) VALUES ('whirlpool', 'Whirlpool');
INSERT INTO BRANDS (UNIQUE_NAME, DISPLAY_NAME) VALUES ('oral-b', 'Oral-B');
INSERT INTO BRANDS (UNIQUE_NAME, DISPLAY_NAME) VALUES ('braun', 'Braun');
INSERT INTO BRANDS (UNIQUE_NAME, DISPLAY_NAME) VALUES ('fairywill', 'Fairywill');
INSERT INTO BRANDS (UNIQUE_NAME, DISPLAY_NAME) VALUES ('colgate', 'Colgate');
INSERT INTO BRANDS (UNIQUE_NAME, DISPLAY_NAME) VALUES ('remington', 'Remington');
INSERT INTO BRANDS (UNIQUE_NAME, DISPLAY_NAME) VALUES ('babyliss', 'Babyliss');
INSERT INTO BRANDS (UNIQUE_NAME, DISPLAY_NAME) VALUES ('ghd', 'GHD');
INSERT INTO BRANDS (UNIQUE_NAME, DISPLAY_NAME) VALUES ('furreal', 'FurReal');
INSERT INTO BRANDS (UNIQUE_NAME, DISPLAY_NAME) VALUES ('vtech', 'VTech');
INSERT INTO BRANDS (UNIQUE_NAME, DISPLAY_NAME) VALUES ('hasbro', 'Hasbro');
INSERT INTO BRANDS (UNIQUE_NAME, DISPLAY_NAME) VALUES ('fisher-price', 'Fisher-Price');
INSERT INTO BRANDS (UNIQUE_NAME, DISPLAY_NAME) VALUES ('wowwee', 'WowWee');
INSERT INTO BRANDS (UNIQUE_NAME, DISPLAY_NAME) VALUES ('leapfrog', 'LeapFrog');
INSERT INTO BRANDS (UNIQUE_NAME, DISPLAY_NAME) VALUES ('lego', 'Lego');
INSERT INTO BRANDS (UNIQUE_NAME, DISPLAY_NAME) VALUES ('makeblock', 'Makeblock');
INSERT INTO BRANDS (UNIQUE_NAME, DISPLAY_NAME) VALUES ('sphero', 'Sphero');
INSERT INTO BRANDS (UNIQUE_NAME, DISPLAY_NAME) VALUES ('ozobot', 'Ozobot');
INSERT INTO BRANDS (UNIQUE_NAME, DISPLAY_NAME) VALUES ('wonder-workshop', 'Wonder Workshop');
INSERT INTO BRANDS (UNIQUE_NAME, DISPLAY_NAME) VALUES ('nintendo', 'Nintendo');
INSERT INTO BRANDS (UNIQUE_NAME, DISPLAY_NAME) VALUES ('playstation', 'PlayStation');
INSERT INTO BRANDS (UNIQUE_NAME, DISPLAY_NAME) VALUES ('gpd', 'GPD');
INSERT INTO BRANDS (UNIQUE_NAME, DISPLAY_NAME) VALUES ('ayn', 'Ayn');
INSERT INTO BRANDS (UNIQUE_NAME, DISPLAY_NAME) VALUES ('acer', 'Acer');
INSERT INTO BRANDS (UNIQUE_NAME, DISPLAY_NAME) VALUES ('playdate', 'Playdate');
INSERT INTO BRANDS (UNIQUE_NAME, DISPLAY_NAME) VALUES ('steam', 'Steam');
INSERT INTO BRANDS (UNIQUE_NAME, DISPLAY_NAME) VALUES ('anbernic', 'Anbernic');
INSERT INTO BRANDS (UNIQUE_NAME, DISPLAY_NAME) VALUES ('microsoft', 'Microsoft');
INSERT INTO BRANDS (UNIQUE_NAME, DISPLAY_NAME) VALUES ('sega', 'Sega');
INSERT INTO BRANDS (UNIQUE_NAME, DISPLAY_NAME) VALUES ('neogeo', 'NeoGeo');
INSERT INTO BRANDS (UNIQUE_NAME, DISPLAY_NAME) VALUES ('atari', 'Atari');
INSERT INTO BRANDS (UNIQUE_NAME, DISPLAY_NAME) VALUES ('nvidia', 'NVIDIA');
INSERT INTO BRANDS (UNIQUE_NAME, DISPLAY_NAME) VALUES ('razer', 'Razer');
INSERT INTO BRANDS (UNIQUE_NAME, DISPLAY_NAME) VALUES ('oculus', 'Oculus');
INSERT INTO BRANDS (UNIQUE_NAME, DISPLAY_NAME) VALUES ('htc', 'HTC');
INSERT INTO BRANDS (UNIQUE_NAME, DISPLAY_NAME) VALUES ('valve', 'Valve');
INSERT INTO BRANDS (UNIQUE_NAME, DISPLAY_NAME) VALUES ('hp', 'HP');
INSERT INTO BRANDS (UNIQUE_NAME, DISPLAY_NAME) VALUES ('pimax', 'Pimax');
INSERT INTO BRANDS (UNIQUE_NAME, DISPLAY_NAME) VALUES ('lenovo', 'Lenovo');
INSERT INTO BRANDS (UNIQUE_NAME, DISPLAY_NAME) VALUES ('aukey', 'Aukey');
INSERT INTO BRANDS (UNIQUE_NAME, DISPLAY_NAME) VALUES ('spigen', 'Spigen');
INSERT INTO BRANDS (UNIQUE_NAME, DISPLAY_NAME) VALUES ('belkin', 'Belkin');
INSERT INTO BRANDS (UNIQUE_NAME, DISPLAY_NAME) VALUES ('ravpower', 'RAVPower');
INSERT INTO BRANDS (UNIQUE_NAME, DISPLAY_NAME) VALUES ('ugreen', 'UGREEN');
INSERT INTO BRANDS (UNIQUE_NAME, DISPLAY_NAME) VALUES ('otterbox', 'OtterBox');
INSERT INTO BRANDS (UNIQUE_NAME, DISPLAY_NAME) VALUES ('mophie', 'Mophie');
INSERT INTO BRANDS (UNIQUE_NAME, DISPLAY_NAME) VALUES ('uag', 'UAG');
INSERT INTO BRANDS (UNIQUE_NAME, DISPLAY_NAME) VALUES ('speck', 'Speck');
INSERT INTO BRANDS (UNIQUE_NAME, DISPLAY_NAME) VALUES ('caseology', 'Caseology');
INSERT INTO BRANDS (UNIQUE_NAME, DISPLAY_NAME) VALUES ('incipio', 'Incipio');
INSERT INTO BRANDS (UNIQUE_NAME, DISPLAY_NAME) VALUES ('esr', 'Esr');
INSERT INTO BRANDS (UNIQUE_NAME, DISPLAY_NAME) VALUES ('zendure', 'Zendure');
INSERT INTO BRANDS (UNIQUE_NAME, DISPLAY_NAME) VALUES ('goal-zero', 'Goal Zero');
INSERT INTO BRANDS (UNIQUE_NAME, DISPLAY_NAME) VALUES ('zagg', 'ZAGG');
INSERT INTO BRANDS (UNIQUE_NAME, DISPLAY_NAME) VALUES ('icarez', 'iCarez');
INSERT INTO BRANDS (UNIQUE_NAME, DISPLAY_NAME) VALUES ('tech21', 'Tech21');
INSERT INTO BRANDS (UNIQUE_NAME, DISPLAY_NAME) VALUES ('panzerglass', 'Panzerglass');
INSERT INTO BRANDS (UNIQUE_NAME, DISPLAY_NAME) VALUES ('jetech', 'Jetech');
INSERT INTO BRANDS (UNIQUE_NAME, DISPLAY_NAME) VALUES ('moshi', 'Moshi');
INSERT INTO BRANDS (UNIQUE_NAME, DISPLAY_NAME) VALUES ('ubeesize', 'UBeesize');
INSERT INTO BRANDS (UNIQUE_NAME, DISPLAY_NAME) VALUES ('neewer', 'Neewer');
INSERT INTO BRANDS (UNIQUE_NAME, DISPLAY_NAME) VALUES ('vanguard', 'Vanguard');
INSERT INTO BRANDS (UNIQUE_NAME, DISPLAY_NAME) VALUES ('cullmann', 'Cullmann');
INSERT INTO BRANDS (UNIQUE_NAME, DISPLAY_NAME) VALUES ('k&f-concept', 'K&F Concept');
INSERT INTO BRANDS (UNIQUE_NAME, DISPLAY_NAME) VALUES ('t-mobile', 'T-Mobile');
INSERT INTO BRANDS (UNIQUE_NAME, DISPLAY_NAME) VALUES ('verizon', 'Verizon');
INSERT INTO BRANDS (UNIQUE_NAME, DISPLAY_NAME) VALUES ('at&t', 'AT&T');
INSERT INTO BRANDS (UNIQUE_NAME, DISPLAY_NAME) VALUES ('e-sim', 'E-SIM');
INSERT INTO BRANDS (UNIQUE_NAME, DISPLAY_NAME) VALUES ('tracfone', 'Tracfone');
INSERT INTO BRANDS (UNIQUE_NAME, DISPLAY_NAME) VALUES ('sim', 'SIM');
INSERT INTO BRANDS (UNIQUE_NAME, DISPLAY_NAME) VALUES ('gigsky', 'Gigsky');
INSERT INTO BRANDS (UNIQUE_NAME, DISPLAY_NAME) VALUES ('oneplus', 'OnePlus');
INSERT INTO BRANDS (UNIQUE_NAME, DISPLAY_NAME) VALUES ('motorola', 'Motorola');
INSERT INTO BRANDS (UNIQUE_NAME, DISPLAY_NAME) VALUES ('realme', 'Realme');
INSERT INTO BRANDS (UNIQUE_NAME, DISPLAY_NAME) VALUES ('oppo', 'Oppo');
INSERT INTO BRANDS (UNIQUE_NAME, DISPLAY_NAME) VALUES ('vivo', 'VIVO');
INSERT INTO BRANDS (UNIQUE_NAME, DISPLAY_NAME) VALUES ('honor', 'Honor');
INSERT INTO BRANDS (UNIQUE_NAME, DISPLAY_NAME) VALUES ('huawei', 'Huawei');
INSERT INTO BRANDS (UNIQUE_NAME, DISPLAY_NAME) VALUES ('asus', 'Asus');
INSERT INTO BRANDS (UNIQUE_NAME, DISPLAY_NAME) VALUES ('zte', 'ZTE');
INSERT INTO BRANDS (UNIQUE_NAME, DISPLAY_NAME) VALUES ('nokia', 'Nokia');
INSERT INTO BRANDS (UNIQUE_NAME, DISPLAY_NAME) VALUES ('infinix', 'Infinix');
INSERT INTO BRANDS (UNIQUE_NAME, DISPLAY_NAME) VALUES ('tecno', 'Tecno');
INSERT INTO BRANDS (UNIQUE_NAME, DISPLAY_NAME) VALUES ('micromax', 'Micromax');
INSERT INTO BRANDS (UNIQUE_NAME, DISPLAY_NAME) VALUES ('poco', 'Poco');
INSERT INTO BRANDS (UNIQUE_NAME, DISPLAY_NAME) VALUES ('logitech', 'Logitech');
INSERT INTO BRANDS (UNIQUE_NAME, DISPLAY_NAME) VALUES ('steelseries', 'SteelSeries');
INSERT INTO BRANDS (UNIQUE_NAME, DISPLAY_NAME) VALUES ('hyperx', 'HyperX');
INSERT INTO BRANDS (UNIQUE_NAME, DISPLAY_NAME) VALUES ('redragon', 'Redragon');
INSERT INTO BRANDS (UNIQUE_NAME, DISPLAY_NAME) VALUES ('roccat', 'Roccat');
INSERT INTO BRANDS (UNIQUE_NAME, DISPLAY_NAME) VALUES ('aula', 'Aula');
INSERT INTO BRANDS (UNIQUE_NAME, DISPLAY_NAME) VALUES ('zowie', 'Zowie');
INSERT INTO BRANDS (UNIQUE_NAME, DISPLAY_NAME) VALUES ('creative', 'Creative');
INSERT INTO BRANDS (UNIQUE_NAME, DISPLAY_NAME) VALUES ('ausdom', 'Ausdom');
INSERT INTO BRANDS (UNIQUE_NAME, DISPLAY_NAME) VALUES ('papalook', 'Papalook');
INSERT INTO BRANDS (UNIQUE_NAME, DISPLAY_NAME) VALUES ('dell', 'Dell');
INSERT INTO BRANDS (UNIQUE_NAME, DISPLAY_NAME) VALUES ('benq', 'BenQ');
INSERT INTO BRANDS (UNIQUE_NAME, DISPLAY_NAME) VALUES ('viewsonic', 'ViewSonic');
INSERT INTO BRANDS (UNIQUE_NAME, DISPLAY_NAME) VALUES ('msi', 'MSI');
INSERT INTO BRANDS (UNIQUE_NAME, DISPLAY_NAME) VALUES ('targus', 'Targus');
INSERT INTO BRANDS (UNIQUE_NAME, DISPLAY_NAME) VALUES ('rain-design', 'Rain Design');
INSERT INTO BRANDS (UNIQUE_NAME, DISPLAY_NAME) VALUES ('cooler-master', 'Cooler Master');
INSERT INTO BRANDS (UNIQUE_NAME, DISPLAY_NAME) VALUES ('nexstand', 'Nexstand');
INSERT INTO BRANDS (UNIQUE_NAME, DISPLAY_NAME) VALUES ('ergotron', 'Ergotron');
INSERT INTO BRANDS (UNIQUE_NAME, DISPLAY_NAME) VALUES ('kensington', 'Kensington');
INSERT INTO BRANDS (UNIQUE_NAME, DISPLAY_NAME) VALUES ('laptop', 'Laptop');
INSERT INTO BRANDS (UNIQUE_NAME, DISPLAY_NAME) VALUES ('moft', 'MOFT');
INSERT INTO BRANDS (UNIQUE_NAME, DISPLAY_NAME) VALUES ('keychron', 'Keychron');
INSERT INTO BRANDS (UNIQUE_NAME, DISPLAY_NAME) VALUES ('leopold', 'Leopold');
INSERT INTO BRANDS (UNIQUE_NAME, DISPLAY_NAME) VALUES ('intel', 'Intel');
INSERT INTO BRANDS (UNIQUE_NAME, DISPLAY_NAME) VALUES ('amd', 'AMD');
INSERT INTO BRANDS (UNIQUE_NAME, DISPLAY_NAME) VALUES ('g.skill', 'G.Skill');
INSERT INTO BRANDS (UNIQUE_NAME, DISPLAY_NAME) VALUES ('teamgroup', 'TeamGroup');
INSERT INTO BRANDS (UNIQUE_NAME, DISPLAY_NAME) VALUES ('patriot', 'Patriot');
INSERT INTO BRANDS (UNIQUE_NAME, DISPLAY_NAME) VALUES ('cyberpowerpc', 'CyberPowerPC');
INSERT INTO BRANDS (UNIQUE_NAME, DISPLAY_NAME) VALUES ('thermaltake', 'Thermaltake');
INSERT INTO BRANDS (UNIQUE_NAME, DISPLAY_NAME) VALUES ('gigabyte', 'Gigabyte');
INSERT INTO BRANDS (UNIQUE_NAME, DISPLAY_NAME) VALUES ('beelink', 'Beelink');
INSERT INTO BRANDS (UNIQUE_NAME, DISPLAY_NAME) VALUES ('zotac', 'Zotac');
INSERT INTO BRANDS (UNIQUE_NAME, DISPLAY_NAME) VALUES ('minisforum', 'MINISFORUM');
INSERT INTO BRANDS (UNIQUE_NAME, DISPLAY_NAME) VALUES ('raspberry-pi', 'Raspberry Pi');
INSERT INTO BRANDS (UNIQUE_NAME, DISPLAY_NAME) VALUES ('asrock', 'ASRock');
INSERT INTO BRANDS (UNIQUE_NAME, DISPLAY_NAME) VALUES ('chuwi', 'Chuwi');
INSERT INTO BRANDS (UNIQUE_NAME, DISPLAY_NAME) VALUES ('acepc', 'ACEPC');
INSERT INTO BRANDS (UNIQUE_NAME, DISPLAY_NAME) VALUES ('awow', 'AWOW');
INSERT INTO BRANDS (UNIQUE_NAME, DISPLAY_NAME) VALUES ('t9', 'T9');
INSERT INTO BRANDS (UNIQUE_NAME, DISPLAY_NAME) VALUES ('mele', 'MeLE');
INSERT INTO BRANDS (UNIQUE_NAME, DISPLAY_NAME) VALUES ('brix', 'Brix');
INSERT INTO BRANDS (UNIQUE_NAME, DISPLAY_NAME) VALUES ('mini', 'Mini');
INSERT INTO BRANDS (UNIQUE_NAME, DISPLAY_NAME) VALUES ('odroid', 'Odroid');
INSERT INTO BRANDS (UNIQUE_NAME, DISPLAY_NAME) VALUES ('pipo', 'Pipo');
INSERT INTO BRANDS (UNIQUE_NAME, DISPLAY_NAME) VALUES ('synology', 'Synology');
INSERT INTO BRANDS (UNIQUE_NAME, DISPLAY_NAME) VALUES ('qnap', 'QNAP');
INSERT INTO BRANDS (UNIQUE_NAME, DISPLAY_NAME) VALUES ('asustor', 'Asustor');
INSERT INTO BRANDS (UNIQUE_NAME, DISPLAY_NAME) VALUES ('terramaster', 'TerraMaster');
INSERT INTO BRANDS (UNIQUE_NAME, DISPLAY_NAME) VALUES ('buffalo', 'Buffalo');
INSERT INTO BRANDS (UNIQUE_NAME, DISPLAY_NAME) VALUES ('tp-link', 'TP-Link');
INSERT INTO BRANDS (UNIQUE_NAME, DISPLAY_NAME) VALUES ('netgear', 'Netgear');
INSERT INTO BRANDS (UNIQUE_NAME, DISPLAY_NAME) VALUES ('linksys', 'Linksys');
INSERT INTO BRANDS (UNIQUE_NAME, DISPLAY_NAME) VALUES ('d-link', 'D-Link');
INSERT INTO BRANDS (UNIQUE_NAME, DISPLAY_NAME) VALUES ('tenda', 'Tenda');
INSERT INTO BRANDS (UNIQUE_NAME, DISPLAY_NAME) VALUES ('zyxel', 'Zyxel');
INSERT INTO BRANDS (UNIQUE_NAME, DISPLAY_NAME) VALUES ('ubiquiti', 'Ubiquiti');
INSERT INTO BRANDS (UNIQUE_NAME, DISPLAY_NAME) VALUES ('magic-leap', 'Magic Leap');
INSERT INTO BRANDS (UNIQUE_NAME, DISPLAY_NAME) VALUES ('nreal', 'Nreal');
INSERT INTO BRANDS (UNIQUE_NAME, DISPLAY_NAME) VALUES ('vuzix', 'Vuzix');
INSERT INTO BRANDS (UNIQUE_NAME, DISPLAY_NAME) VALUES ('epson', 'Epson');
INSERT INTO BRANDS (UNIQUE_NAME, DISPLAY_NAME) VALUES ('raey', 'RAEY');
INSERT INTO BRANDS (UNIQUE_NAME, DISPLAY_NAME) VALUES ('blippar', 'Blippar');
INSERT INTO BRANDS (UNIQUE_NAME, DISPLAY_NAME) VALUES ('varjo', 'Varjo');
INSERT INTO BRANDS (UNIQUE_NAME, DISPLAY_NAME) VALUES ('fitbit', 'Fitbit');
INSERT INTO BRANDS (UNIQUE_NAME, DISPLAY_NAME) VALUES ('garmin', 'Garmin');
INSERT INTO BRANDS (UNIQUE_NAME, DISPLAY_NAME) VALUES ('amazfit', 'Amazfit');
INSERT INTO BRANDS (UNIQUE_NAME, DISPLAY_NAME) VALUES ('withings', 'Withings');
INSERT INTO BRANDS (UNIQUE_NAME, DISPLAY_NAME) VALUES ('polar', 'Polar');
INSERT INTO BRANDS (UNIQUE_NAME, DISPLAY_NAME) VALUES ('suunto', 'Suunto');
INSERT INTO BRANDS (UNIQUE_NAME, DISPLAY_NAME) VALUES ('fossil', 'Fossil');
INSERT INTO BRANDS (UNIQUE_NAME, DISPLAY_NAME) VALUES ('mobvoi', 'Mobvoi');
INSERT INTO BRANDS (UNIQUE_NAME, DISPLAY_NAME) VALUES ('lemfo', 'Lemfo');
INSERT INTO BRANDS (UNIQUE_NAME, DISPLAY_NAME) VALUES ('coros', 'Coros');
INSERT INTO BRANDS (UNIQUE_NAME, DISPLAY_NAME) VALUES ('ticwatch', 'TicWatch');
INSERT INTO BRANDS (UNIQUE_NAME, DISPLAY_NAME) VALUES ('elite-screens', 'Elite Screens');
INSERT INTO BRANDS (UNIQUE_NAME, DISPLAY_NAME) VALUES ('silver-ticket', 'Silver Ticket');
INSERT INTO BRANDS (UNIQUE_NAME, DISPLAY_NAME) VALUES ('da-lite', 'Da-Lite');
INSERT INTO BRANDS (UNIQUE_NAME, DISPLAY_NAME) VALUES ('screen-innovations', 'Screen Innovations');
INSERT INTO BRANDS (UNIQUE_NAME, DISPLAY_NAME) VALUES ('xgimi', 'XGIMI');
INSERT INTO BRANDS (UNIQUE_NAME, DISPLAY_NAME) VALUES ('mantis', 'Mantis');
INSERT INTO BRANDS (UNIQUE_NAME, DISPLAY_NAME) VALUES ('vivohome', 'VIVOHOME');
INSERT INTO BRANDS (UNIQUE_NAME, DISPLAY_NAME) VALUES ('auto-tension', 'Auto Tension');
INSERT INTO BRANDS (UNIQUE_NAME, DISPLAY_NAME) VALUES ('kodak', 'Kodak');
INSERT INTO BRANDS (UNIQUE_NAME, DISPLAY_NAME) VALUES ('aaxa', 'AAXA');
INSERT INTO BRANDS (UNIQUE_NAME, DISPLAY_NAME) VALUES ('rif6', 'RIF6');
INSERT INTO BRANDS (UNIQUE_NAME, DISPLAY_NAME) VALUES ('hisense', 'Hisense');
INSERT INTO BRANDS (UNIQUE_NAME, DISPLAY_NAME) VALUES ('vizio', 'Vizio');
INSERT INTO BRANDS (UNIQUE_NAME, DISPLAY_NAME) VALUES ('hsn-raw-series', 'HSN Raw Series');
INSERT INTO BRANDS (UNIQUE_NAME, DISPLAY_NAME) VALUES ('hsn-sport-series', 'HSN Sport Series');
INSERT INTO BRANDS (UNIQUE_NAME, DISPLAY_NAME) VALUES ('hsn-essential-series', 'HSN Essential Series');
INSERT INTO BRANDS (UNIQUE_NAME, DISPLAY_NAME) VALUES ('dia', 'Dia');

INSERT INTO CATEGORIES (UNIQUE_NAME, DISPLAY_NAME, PARENT_CATEGORY) VALUES ('electronica', 'Electrónica', NULL);
INSERT INTO CATEGORIES (UNIQUE_NAME, DISPLAY_NAME, PARENT_CATEGORY) VALUES ('accesorios-para-automoviles', 'Accesorios para Automóviles', 'electronica');
INSERT INTO CATEGORIES (UNIQUE_NAME, DISPLAY_NAME, PARENT_CATEGORY) VALUES ('almacenamiento-de-datos', 'Almacenamiento de datos', 'electronica');
INSERT INTO CATEGORIES (UNIQUE_NAME, DISPLAY_NAME, PARENT_CATEGORY) VALUES ('discos-duros', 'Discos duros', 'almacenamiento-de-datos');
INSERT INTO CATEGORIES (UNIQUE_NAME, DISPLAY_NAME, PARENT_CATEGORY) VALUES ('discos-duros-internos', 'Discos duros internos', 'discos-duros');
INSERT INTO MODELS (ID, DISPLAY_NAME, CATEGORY, BRAND) VALUES (1, 'Disco duro interno', 'discos-duros-internos', 'western-digital');
INSERT INTO MODELS (ID, DISPLAY_NAME, CATEGORY, BRAND) VALUES (2, 'Disco duro interno', 'discos-duros-internos', 'seagate');
INSERT INTO MODELS (ID, DISPLAY_NAME, CATEGORY, BRAND) VALUES (3, 'Disco duro interno', 'discos-duros-internos', 'samsung');
INSERT INTO MODELS (ID, DISPLAY_NAME, CATEGORY, BRAND) VALUES (4, 'Disco duro interno', 'discos-duros-internos', 'adata');
INSERT INTO MODELS (ID, DISPLAY_NAME, CATEGORY, BRAND) VALUES (5, 'Disco duro interno', 'discos-duros-internos', 'toshiba');
INSERT INTO MODELS (ID, DISPLAY_NAME, CATEGORY, BRAND) VALUES (6, 'Disco duro interno', 'discos-duros-internos', 'crucial');
INSERT INTO CATEGORIES (UNIQUE_NAME, DISPLAY_NAME, PARENT_CATEGORY) VALUES ('discos-duros-externo', 'Discos duros externo', 'discos-duros');
INSERT INTO MODELS (ID, DISPLAY_NAME, CATEGORY, BRAND) VALUES (7, 'Disco duro externo', 'discos-duros-externo', 'seagate');
INSERT INTO MODELS (ID, DISPLAY_NAME, CATEGORY, BRAND) VALUES (8, 'disco duro externo', 'discos-duros-externo', 'western-digital');
INSERT INTO MODELS (ID, DISPLAY_NAME, CATEGORY, BRAND) VALUES (9, 'Disco duro externo', 'discos-duros-externo', 'samsung');
INSERT INTO CATEGORIES (UNIQUE_NAME, DISPLAY_NAME, PARENT_CATEGORY) VALUES ('memorias-usb', 'Memorias USB', 'almacenamiento-de-datos');
INSERT INTO CATEGORIES (UNIQUE_NAME, DISPLAY_NAME, PARENT_CATEGORY) VALUES ('memorias-usb-2.0', 'Memorias USB 2.0', 'memorias-usb');
INSERT INTO MODELS (ID, DISPLAY_NAME, CATEGORY, BRAND) VALUES (10, 'USB 2.0 Cruzer Blade', 'memorias-usb-2.0', 'sandisk');
INSERT INTO MODELS (ID, DISPLAY_NAME, CATEGORY, BRAND) VALUES (11, 'USB 2.0 DataTraveler 100 G3', 'memorias-usb-2.0', 'kingston');
INSERT INTO MODELS (ID, DISPLAY_NAME, CATEGORY, BRAND) VALUES (12, 'USB 2.0 BAR Plus', 'memorias-usb-2.0', 'samsung');
INSERT INTO MODELS (ID, DISPLAY_NAME, CATEGORY, BRAND) VALUES (13, 'USB 2.0 Attaché 3', 'memorias-usb-2.0', 'pny');
INSERT INTO MODELS (ID, DISPLAY_NAME, CATEGORY, BRAND) VALUES (14, 'USB 2.0 JetFlash 700', 'memorias-usb-2.0', 'transcend');
INSERT INTO CATEGORIES (UNIQUE_NAME, DISPLAY_NAME, PARENT_CATEGORY) VALUES ('memorias-usb-3.0', 'Memorias USB 3.0', 'memorias-usb');
INSERT INTO MODELS (ID, DISPLAY_NAME, CATEGORY, BRAND) VALUES (15, 'USB 3.0 Ultra Flair', 'memorias-usb-3.0', 'sandisk');
INSERT INTO MODELS (ID, DISPLAY_NAME, CATEGORY, BRAND) VALUES (16, 'USB 3.0 DataTraveler 100 G4', 'memorias-usb-3.0', 'kingston');
INSERT INTO MODELS (ID, DISPLAY_NAME, CATEGORY, BRAND) VALUES (17, 'USB 3.0 BAR Plus', 'memorias-usb-3.0', 'samsung');
INSERT INTO MODELS (ID, DISPLAY_NAME, CATEGORY, BRAND) VALUES (18, 'USB 3.0 JumpDrive M20', 'memorias-usb-3.0', 'lexar');
INSERT INTO MODELS (ID, DISPLAY_NAME, CATEGORY, BRAND) VALUES (19, 'USB 3.0 Turbo Attaché 3', 'memorias-usb-3.0', 'pny');
INSERT INTO MODELS (ID, DISPLAY_NAME, CATEGORY, BRAND) VALUES (20, 'USB 3.0 Flash Voyager GTX', 'memorias-usb-3.0', 'corsair');
INSERT INTO MODELS (ID, DISPLAY_NAME, CATEGORY, BRAND) VALUES (21, 'USB 3.0 UV320', 'memorias-usb-3.0', 'adata');
INSERT INTO CATEGORIES (UNIQUE_NAME, DISPLAY_NAME, PARENT_CATEGORY) VALUES ('memorias-usb-tipo-c', 'Memorias USB tipo C', 'memorias-usb');
INSERT INTO MODELS (ID, DISPLAY_NAME, CATEGORY, BRAND) VALUES (22, 'USB Type C Ultra Dual Drive', 'memorias-usb-tipo-c', 'sandisk');
INSERT INTO MODELS (ID, DISPLAY_NAME, CATEGORY, BRAND) VALUES (23, 'DataTraveler 80 USB-C', 'memorias-usb-tipo-c', 'kingston');
INSERT INTO MODELS (ID, DISPLAY_NAME, CATEGORY, BRAND) VALUES (24, 'USB Type C FIT Plus', 'memorias-usb-tipo-c', 'samsung');
INSERT INTO MODELS (ID, DISPLAY_NAME, CATEGORY, BRAND) VALUES (25, 'JumpDrive USB 3.1 Type-C', 'memorias-usb-tipo-c', 'lexar');
INSERT INTO MODELS (ID, DISPLAY_NAME, CATEGORY, BRAND) VALUES (26, 'USB Type C Duo Link', 'memorias-usb-tipo-c', 'pny');
INSERT INTO MODELS (ID, DISPLAY_NAME, CATEGORY, BRAND) VALUES (27, 'UD330 USB 3.2 Type C', 'memorias-usb-tipo-c', 'adata');
INSERT INTO MODELS (ID, DISPLAY_NAME, CATEGORY, BRAND) VALUES (28, 'Flash Voyager GTX USB-C', 'memorias-usb-tipo-c', 'corsair');
INSERT INTO CATEGORIES (UNIQUE_NAME, DISPLAY_NAME, PARENT_CATEGORY) VALUES ('tarjetas-de-memoria', 'Tarjetas de memoria', 'almacenamiento-de-datos');
INSERT INTO CATEGORIES (UNIQUE_NAME, DISPLAY_NAME, PARENT_CATEGORY) VALUES ('tarjetas-sd', 'Tarjetas SD', 'tarjetas-de-memoria');
INSERT INTO MODELS (ID, DISPLAY_NAME, CATEGORY, BRAND) VALUES (29, 'Tarjeta SD', 'tarjetas-sd', 'samsung');
INSERT INTO MODELS (ID, DISPLAY_NAME, CATEGORY, BRAND) VALUES (30, 'Tarjeta SD', 'tarjetas-sd', 'sandisk');
INSERT INTO MODELS (ID, DISPLAY_NAME, CATEGORY, BRAND) VALUES (31, 'Tarjeta SD', 'tarjetas-sd', 'lexar');
INSERT INTO CATEGORIES (UNIQUE_NAME, DISPLAY_NAME, PARENT_CATEGORY) VALUES ('tarjetas-microsd', 'Tarjetas microSD', 'tarjetas-de-memoria');
INSERT INTO MODELS (ID, DISPLAY_NAME, CATEGORY, BRAND) VALUES (32, 'Tarjeta Micro SD', 'tarjetas-microsd', 'sandisk');
INSERT INTO MODELS (ID, DISPLAY_NAME, CATEGORY, BRAND) VALUES (33, 'Tarjeta Micro SD', 'tarjetas-microsd', 'samsung');
INSERT INTO CATEGORIES (UNIQUE_NAME, DISPLAY_NAME, PARENT_CATEGORY) VALUES ('ssd', 'SSD', 'almacenamiento-de-datos');
INSERT INTO MODELS (ID, DISPLAY_NAME, CATEGORY, BRAND) VALUES (34, 'Disco duro SSD', 'ssd', 'samsung');
INSERT INTO MODELS (ID, DISPLAY_NAME, CATEGORY, BRAND) VALUES (35, 'Disco duro SSD', 'ssd', 'kingston');
INSERT INTO MODELS (ID, DISPLAY_NAME, CATEGORY, BRAND) VALUES (36, 'Disco duro SSD', 'ssd', 'western-digital');
INSERT INTO MODELS (ID, DISPLAY_NAME, CATEGORY, BRAND) VALUES (37, 'Disco duro SSD', 'ssd', 'crucial');
INSERT INTO MODELS (ID, DISPLAY_NAME, CATEGORY, BRAND) VALUES (38, 'Disco duro SSD', 'ssd', 'seagate');
INSERT INTO CATEGORIES (UNIQUE_NAME, DISPLAY_NAME, PARENT_CATEGORY) VALUES ('audio-y-video', 'Audio y Video', 'electronica');
INSERT INTO CATEGORIES (UNIQUE_NAME, DISPLAY_NAME, PARENT_CATEGORY) VALUES ('altavoces-inalambricos', 'Altavoces inalámbricos', 'audio-y-video');
INSERT INTO MODELS (ID, DISPLAY_NAME, CATEGORY, BRAND) VALUES (39, 'Altavoz inalámbrico', 'altavoces-inalambricos', 'sonos');
INSERT INTO MODELS (ID, DISPLAY_NAME, CATEGORY, BRAND) VALUES (40, 'Subwoofer', 'altavoces-inalambricos', 'sonos');
INSERT INTO MODELS (ID, DISPLAY_NAME, CATEGORY, BRAND) VALUES (41, 'Flip6', 'altavoces-inalambricos', 'jbl');
INSERT INTO MODELS (ID, DISPLAY_NAME, CATEGORY, BRAND) VALUES (42, 'Charge5', 'altavoces-inalambricos', 'jbl');
INSERT INTO MODELS (ID, DISPLAY_NAME, CATEGORY, BRAND) VALUES (43, 'Flip5', 'altavoces-inalambricos', 'jbl');
INSERT INTO MODELS (ID, DISPLAY_NAME, CATEGORY, BRAND) VALUES (44, 'Clip3', 'altavoces-inalambricos', 'jbl');
INSERT INTO MODELS (ID, DISPLAY_NAME, CATEGORY, BRAND) VALUES (45, 'Flip Essential', 'altavoces-inalambricos', 'jbl');
INSERT INTO MODELS (ID, DISPLAY_NAME, CATEGORY, BRAND) VALUES (46, 'Go3', 'altavoces-inalambricos', 'jbl');
INSERT INTO MODELS (ID, DISPLAY_NAME, CATEGORY, BRAND) VALUES (47, 'Boombox2', 'altavoces-inalambricos', 'jbl');
INSERT INTO MODELS (ID, DISPLAY_NAME, CATEGORY, BRAND) VALUES (48, 'Clip4', 'altavoces-inalambricos', 'jbl');
INSERT INTO MODELS (ID, DISPLAY_NAME, CATEGORY, BRAND) VALUES (49, 'Link Music', 'altavoces-inalambricos', 'jbl');
INSERT INTO MODELS (ID, DISPLAY_NAME, CATEGORY, BRAND) VALUES (50, 'Echo', 'altavoces-inalambricos', 'amazon');
INSERT INTO MODELS (ID, DISPLAY_NAME, CATEGORY, BRAND) VALUES (51, 'Home', 'altavoces-inalambricos', 'google');
INSERT INTO MODELS (ID, DISPLAY_NAME, CATEGORY, BRAND) VALUES (52, 'Nest', 'altavoces-inalambricos', 'google');
INSERT INTO MODELS (ID, DISPLAY_NAME, CATEGORY, BRAND) VALUES (53, 'Altavoces', 'altavoces-inalambricos', 'bose');
INSERT INTO MODELS (ID, DISPLAY_NAME, CATEGORY, BRAND) VALUES (54, 'Altavoces', 'altavoces-inalambricos', 'anker');
INSERT INTO MODELS (ID, DISPLAY_NAME, CATEGORY, BRAND) VALUES (55, 'Altavoces', 'altavoces-inalambricos', 'xiaomi');
INSERT INTO CATEGORIES (UNIQUE_NAME, DISPLAY_NAME, PARENT_CATEGORY) VALUES ('auriculares', 'Auriculares', 'audio-y-video');
INSERT INTO MODELS (ID, DISPLAY_NAME, CATEGORY, BRAND) VALUES (56, 'EarPods', 'auriculares', 'apple');
INSERT INTO MODELS (ID, DISPLAY_NAME, CATEGORY, BRAND) VALUES (57, 'AirPods', 'auriculares', 'apple');
INSERT INTO MODELS (ID, DISPLAY_NAME, CATEGORY, BRAND) VALUES (58, 'AirPods Pro', 'auriculares', 'apple');
INSERT INTO MODELS (ID, DISPLAY_NAME, CATEGORY, BRAND) VALUES (59, 'AIrPods 2', 'auriculares', 'apple');
INSERT INTO MODELS (ID, DISPLAY_NAME, CATEGORY, BRAND) VALUES (60, 'Airpods 3', 'auriculares', 'apple');
INSERT INTO MODELS (ID, DISPLAY_NAME, CATEGORY, BRAND) VALUES (61, 'AirPods Pro 2', 'auriculares', 'apple');
INSERT INTO MODELS (ID, DISPLAY_NAME, CATEGORY, BRAND) VALUES (62, 'Auriculares', 'auriculares', 'jbl');
INSERT INTO MODELS (ID, DISPLAY_NAME, CATEGORY, BRAND) VALUES (63, 'Galaxy Buds', 'auriculares', 'samsung');
INSERT INTO MODELS (ID, DISPLAY_NAME, CATEGORY, BRAND) VALUES (64, 'Auriculares', 'auriculares', 'sony');
INSERT INTO MODELS (ID, DISPLAY_NAME, CATEGORY, BRAND) VALUES (65, 'Auriculares', 'auriculares', 'skullcandy');
INSERT INTO MODELS (ID, DISPLAY_NAME, CATEGORY, BRAND) VALUES (66, 'Auriculares', 'auriculares', 'sennheiser');
INSERT INTO MODELS (ID, DISPLAY_NAME, CATEGORY, BRAND) VALUES (67, 'Auriculares', 'auriculares', 'xiaomi');
INSERT INTO MODELS (ID, DISPLAY_NAME, CATEGORY, BRAND) VALUES (68, 'Auriculares', 'auriculares', 'jabra');
INSERT INTO MODELS (ID, DISPLAY_NAME, CATEGORY, BRAND) VALUES (69, 'Auriculares', 'auriculares', 'soundcore');
INSERT INTO MODELS (ID, DISPLAY_NAME, CATEGORY, BRAND) VALUES (70, 'Major IV', 'auriculares', 'marshall');
INSERT INTO MODELS (ID, DISPLAY_NAME, CATEGORY, BRAND) VALUES (71, 'Soundcore Liberty 3 Pro', 'auriculares', 'anker');
INSERT INTO CATEGORIES (UNIQUE_NAME, DISPLAY_NAME, PARENT_CATEGORY) VALUES ('barras-de-sonido', 'Barras de sonido', 'audio-y-video');
INSERT INTO MODELS (ID, DISPLAY_NAME, CATEGORY, BRAND) VALUES (72, 'Barra de sonido', 'barras-de-sonido', 'harman-kardon');
INSERT INTO MODELS (ID, DISPLAY_NAME, CATEGORY, BRAND) VALUES (73, 'Barra de sonido', 'barras-de-sonido', 'bose');
INSERT INTO MODELS (ID, DISPLAY_NAME, CATEGORY, BRAND) VALUES (74, 'Barra de sonido', 'barras-de-sonido', 'lg');
INSERT INTO MODELS (ID, DISPLAY_NAME, CATEGORY, BRAND) VALUES (75, 'Barra de sonido', 'barras-de-sonido', 'samsung');
INSERT INTO CATEGORIES (UNIQUE_NAME, DISPLAY_NAME, PARENT_CATEGORY) VALUES ('camaras-y-fotografia', 'Cámaras y Fotografía', 'electronica');
INSERT INTO CATEGORIES (UNIQUE_NAME, DISPLAY_NAME, PARENT_CATEGORY) VALUES ('camaras-digitales', 'Cámaras digitales', 'camaras-y-fotografia');
INSERT INTO CATEGORIES (UNIQUE_NAME, DISPLAY_NAME, PARENT_CATEGORY) VALUES ('camaras-compactas', 'Cámaras compactas', 'camaras-digitales');
INSERT INTO CATEGORIES (UNIQUE_NAME, DISPLAY_NAME, PARENT_CATEGORY) VALUES ('camaras-reflex-(dslr)', 'Cámaras réflex (DSLR)', 'camaras-digitales');
INSERT INTO CATEGORIES (UNIQUE_NAME, DISPLAY_NAME, PARENT_CATEGORY) VALUES ('camaras-sin-espejo-(mirrorless)', 'Cámaras sin espejo (Mirrorless)', 'camaras-digitales');
INSERT INTO CATEGORIES (UNIQUE_NAME, DISPLAY_NAME, PARENT_CATEGORY) VALUES ('drones-y-accesorios', 'Drones y accesorios', 'camaras-y-fotografia');
INSERT INTO CATEGORIES (UNIQUE_NAME, DISPLAY_NAME, PARENT_CATEGORY) VALUES ('drones-de-camara-profesional', 'Drones de cámara profesional', 'drones-y-accesorios');
INSERT INTO MODELS (ID, DISPLAY_NAME, CATEGORY, BRAND) VALUES (76, 'Mavic 3', 'drones-de-camara-profesional', 'dji');
INSERT INTO MODELS (ID, DISPLAY_NAME, CATEGORY, BRAND) VALUES (77, 'Phantom 4 Pro V2.0', 'drones-de-camara-profesional', 'dji');
INSERT INTO MODELS (ID, DISPLAY_NAME, CATEGORY, BRAND) VALUES (78, 'EVO II Pro', 'drones-de-camara-profesional', 'autel-robotics');
INSERT INTO MODELS (ID, DISPLAY_NAME, CATEGORY, BRAND) VALUES (79, 'Skydio 2', 'drones-de-camara-profesional', 'skydio');
INSERT INTO MODELS (ID, DISPLAY_NAME, CATEGORY, BRAND) VALUES (80, 'Anafi USA', 'drones-de-camara-profesional', 'parrot');
INSERT INTO CATEGORIES (UNIQUE_NAME, DISPLAY_NAME, PARENT_CATEGORY) VALUES ('drones-para-principiantes', 'Drones para principiantes', 'drones-y-accesorios');
INSERT INTO MODELS (ID, DISPLAY_NAME, CATEGORY, BRAND) VALUES (81, 'Mini 2', 'drones-para-principiantes', 'dji');
INSERT INTO MODELS (ID, DISPLAY_NAME, CATEGORY, BRAND) VALUES (82, 'Air 2S', 'drones-para-principiantes', 'dji');
INSERT INTO MODELS (ID, DISPLAY_NAME, CATEGORY, BRAND) VALUES (83, 'Zino 2', 'drones-para-principiantes', 'hubsan');
INSERT INTO MODELS (ID, DISPLAY_NAME, CATEGORY, BRAND) VALUES (84, 'T18', 'drones-para-principiantes', 'potensic');
INSERT INTO MODELS (ID, DISPLAY_NAME, CATEGORY, BRAND) VALUES (85, 'HS720', 'drones-para-principiantes', 'holy-stone');
INSERT INTO CATEGORIES (UNIQUE_NAME, DISPLAY_NAME, PARENT_CATEGORY) VALUES ('accesorios-para-drones', 'Accesorios para drones', 'drones-y-accesorios');
INSERT INTO MODELS (ID, DISPLAY_NAME, CATEGORY, BRAND) VALUES (86, 'Gimbal Osmo Mobile 3', 'accesorios-para-drones', 'dji');
INSERT INTO MODELS (ID, DISPLAY_NAME, CATEGORY, BRAND) VALUES (87, 'Fly More Kit for Mavic Air 2', 'accesorios-para-drones', 'dji');
INSERT INTO MODELS (ID, DISPLAY_NAME, CATEGORY, BRAND) VALUES (88, 'Anafi Remote Control', 'accesorios-para-drones', 'parrot');
INSERT INTO MODELS (ID, DISPLAY_NAME, CATEGORY, BRAND) VALUES (89, 'Smart Controller', 'accesorios-para-drones', 'dji');
INSERT INTO MODELS (ID, DISPLAY_NAME, CATEGORY, BRAND) VALUES (90, 'Landing Gear Extensions for Mavic Air 2', 'accesorios-para-drones', 'pgytech');
INSERT INTO CATEGORIES (UNIQUE_NAME, DISPLAY_NAME, PARENT_CATEGORY) VALUES ('accesorios-para-camaras', 'Accesorios para Cámaras', 'camaras-y-fotografia');
INSERT INTO CATEGORIES (UNIQUE_NAME, DISPLAY_NAME, PARENT_CATEGORY) VALUES ('tripodes', 'Trípodes', 'accesorios-para-camaras');
INSERT INTO MODELS (ID, DISPLAY_NAME, CATEGORY, BRAND) VALUES (91, 'Trípode MT190XPRO3', 'tripodes', 'manfrotto');
INSERT INTO MODELS (ID, DISPLAY_NAME, CATEGORY, BRAND) VALUES (92, 'Trípode GorillaPod 5K', 'tripodes', 'joby');
INSERT INTO MODELS (ID, DISPLAY_NAME, CATEGORY, BRAND) VALUES (93, 'Trípode TMA38CL', 'tripodes', 'benro');
INSERT INTO MODELS (ID, DISPLAY_NAME, CATEGORY, BRAND) VALUES (94, 'Trípode EX-430', 'tripodes', 'velbon');
INSERT INTO MODELS (ID, DISPLAY_NAME, CATEGORY, BRAND) VALUES (95, 'Trípode ET-2204', 'tripodes', 'sirui');
INSERT INTO CATEGORIES (UNIQUE_NAME, DISPLAY_NAME, PARENT_CATEGORY) VALUES ('lentes-y-filtros', 'Lentes y filtros', 'accesorios-para-camaras');
INSERT INTO MODELS (ID, DISPLAY_NAME, CATEGORY, BRAND) VALUES (96, 'Lente EF 50mm f/1.8 STM', 'lentes-y-filtros', 'canon');
INSERT INTO MODELS (ID, DISPLAY_NAME, CATEGORY, BRAND) VALUES (97, 'Lente AF-S DX 35mm f/1.8G', 'lentes-y-filtros', 'nikon');
INSERT INTO MODELS (ID, DISPLAY_NAME, CATEGORY, BRAND) VALUES (98, 'Lente FE 24-70mm f/2.8 GM', 'lentes-y-filtros', 'sony');
INSERT INTO MODELS (ID, DISPLAY_NAME, CATEGORY, BRAND) VALUES (99, 'Lente 70-200mm f/2.8 Di VC USD G2', 'lentes-y-filtros', 'tamron');
INSERT INTO MODELS (ID, DISPLAY_NAME, CATEGORY, BRAND) VALUES (100, 'Filtro UV HD', 'lentes-y-filtros', 'hoya');
INSERT INTO CATEGORIES (UNIQUE_NAME, DISPLAY_NAME, PARENT_CATEGORY) VALUES ('baterias-y-cargadores', 'Baterías y cargadores', 'accesorios-para-camaras');
INSERT INTO MODELS (ID, DISPLAY_NAME, CATEGORY, BRAND) VALUES (101, 'Batería LP-E6', 'baterias-y-cargadores', 'canon');
INSERT INTO MODELS (ID, DISPLAY_NAME, CATEGORY, BRAND) VALUES (102, 'Batería EN-EL15', 'baterias-y-cargadores', 'nikon');
INSERT INTO MODELS (ID, DISPLAY_NAME, CATEGORY, BRAND) VALUES (103, 'Batería NP-FW50', 'baterias-y-cargadores', 'sony');
INSERT INTO MODELS (ID, DISPLAY_NAME, CATEGORY, BRAND) VALUES (104, 'Batería HERO10 Black', 'baterias-y-cargadores', 'gopro');
INSERT INTO MODELS (ID, DISPLAY_NAME, CATEGORY, BRAND) VALUES (105, 'Cargador de batería para cámaras Canon y Nikon', 'baterias-y-cargadores', 'anker');
INSERT INTO CATEGORIES (UNIQUE_NAME, DISPLAY_NAME, PARENT_CATEGORY) VALUES ('electrodomesticos', 'Electrodomésticos', 'electronica');
INSERT INTO CATEGORIES (UNIQUE_NAME, DISPLAY_NAME, PARENT_CATEGORY) VALUES ('aire-acondicionado-y-ventiladores', 'Aire acondicionado y ventiladores', 'electrodomesticos');
INSERT INTO CATEGORIES (UNIQUE_NAME, DISPLAY_NAME, PARENT_CATEGORY) VALUES ('aires-acondicionados-portatiles', 'Aires acondicionados portátiles', 'aire-acondicionado-y-ventiladores');
INSERT INTO MODELS (ID, DISPLAY_NAME, CATEGORY, BRAND) VALUES (106, 'Aire acondicionado portátil Pinguino PAC AN112 Silent', 'aires-acondicionados-portatiles', 'delonghi');
INSERT INTO MODELS (ID, DISPLAY_NAME, CATEGORY, BRAND) VALUES (107, 'Aire acondicionado portátil TAC-12CP', 'aires-acondicionados-portatiles', 'tcl');
INSERT INTO MODELS (ID, DISPLAY_NAME, CATEGORY, BRAND) VALUES (108, 'Aire acondicionado portátil BPACT14WT', 'aires-acondicionados-portatiles', 'black+decker');
INSERT INTO MODELS (ID, DISPLAY_NAME, CATEGORY, BRAND) VALUES (109, 'Aire acondicionado portátil ARC-122DS', 'aires-acondicionados-portatiles', 'whynter');
INSERT INTO MODELS (ID, DISPLAY_NAME, CATEGORY, BRAND) VALUES (110, 'Aire acondicionado portátil MN10CES', 'aires-acondicionados-portatiles', 'honeywell');
INSERT INTO CATEGORIES (UNIQUE_NAME, DISPLAY_NAME, PARENT_CATEGORY) VALUES ('ventiladores-de-pie-o-de-torre', 'Ventiladores de pie o de torre', 'aire-acondicionado-y-ventiladores');
INSERT INTO MODELS (ID, DISPLAY_NAME, CATEGORY, BRAND) VALUES (111, 'Ventilador de torre VU6670 Turbo Silence', 'ventiladores-de-pie-o-de-torre', 'rowenta');
INSERT INTO MODELS (ID, DISPLAY_NAME, CATEGORY, BRAND) VALUES (112, 'Ventilador de torre Pure Cool TP04', 'ventiladores-de-pie-o-de-torre', 'dyson');
INSERT INTO MODELS (ID, DISPLAY_NAME, CATEGORY, BRAND) VALUES (113, 'Ventilador de torre T42951', 'ventiladores-de-pie-o-de-torre', 'lasko');
INSERT INTO MODELS (ID, DISPLAY_NAME, CATEGORY, BRAND) VALUES (114, 'Ventilador de torre HYF290B', 'ventiladores-de-pie-o-de-torre', 'honeywell');
INSERT INTO MODELS (ID, DISPLAY_NAME, CATEGORY, BRAND) VALUES (115, 'Ventilador de torre BT19', 'ventiladores-de-pie-o-de-torre', 'bionaire');
INSERT INTO CATEGORIES (UNIQUE_NAME, DISPLAY_NAME, PARENT_CATEGORY) VALUES ('electrodomesticos-de-cocina', 'Electrodomésticos de cocina', 'electrodomesticos');
INSERT INTO CATEGORIES (UNIQUE_NAME, DISPLAY_NAME, PARENT_CATEGORY) VALUES ('cafeteras-y-teteras-electricas', 'Cafeteras y teteras eléctricas', 'electrodomesticos-de-cocina');
INSERT INTO MODELS (ID, DISPLAY_NAME, CATEGORY, BRAND) VALUES (116, 'Cafetera Vertuo Plus', 'cafeteras-y-teteras-electricas', 'nespresso');
INSERT INTO MODELS (ID, DISPLAY_NAME, CATEGORY, BRAND) VALUES (117, 'Cafetera Magnifica S', 'cafeteras-y-teteras-electricas', 'delonghi');
INSERT INTO MODELS (ID, DISPLAY_NAME, CATEGORY, BRAND) VALUES (118, 'Cafetera FlexBrew', 'cafeteras-y-teteras-electricas', 'hamilton-beach');
INSERT INTO MODELS (ID, DISPLAY_NAME, CATEGORY, BRAND) VALUES (119, 'Cafetera Barista Express', 'cafeteras-y-teteras-electricas', 'breville');
INSERT INTO MODELS (ID, DISPLAY_NAME, CATEGORY, BRAND) VALUES (120, 'Cafetera K-Elite', 'cafeteras-y-teteras-electricas', 'keurig');
INSERT INTO CATEGORIES (UNIQUE_NAME, DISPLAY_NAME, PARENT_CATEGORY) VALUES ('hervidores-de-agua', 'Hervidores de agua', 'electrodomesticos-de-cocina');
INSERT INTO MODELS (ID, DISPLAY_NAME, CATEGORY, BRAND) VALUES (121, 'Hervidor de agua HD9306/20', 'hervidores-de-agua', 'philips');
INSERT INTO MODELS (ID, DISPLAY_NAME, CATEGORY, BRAND) VALUES (122, 'Hervidor de agua KI150D10', 'hervidores-de-agua', 'tefal');
INSERT INTO MODELS (ID, DISPLAY_NAME, CATEGORY, BRAND) VALUES (123, 'Hervidor de agua TWK8613P', 'hervidores-de-agua', 'bosch');
INSERT INTO MODELS (ID, DISPLAY_NAME, CATEGORY, BRAND) VALUES (124, 'Hervidor de agua 20460-70', 'hervidores-de-agua', 'russell-hobbs');
INSERT INTO MODELS (ID, DISPLAY_NAME, CATEGORY, BRAND) VALUES (125, 'Hervidor de agua KLF03', 'hervidores-de-agua', 'smeg');
INSERT INTO CATEGORIES (UNIQUE_NAME, DISPLAY_NAME, PARENT_CATEGORY) VALUES ('licuadoras-y-batidoras', 'Licuadoras y batidoras', 'electrodomesticos-de-cocina');
INSERT INTO MODELS (ID, DISPLAY_NAME, CATEGORY, BRAND) VALUES (126, 'Licuadora BL610 Professional', 'licuadoras-y-batidoras', 'ninja');
INSERT INTO MODELS (ID, DISPLAY_NAME, CATEGORY, BRAND) VALUES (127, 'Licuadora HR3652/00', 'licuadoras-y-batidoras', 'philips');
INSERT INTO MODELS (ID, DISPLAY_NAME, CATEGORY, BRAND) VALUES (128, 'Licuadora 6812', 'licuadoras-y-batidoras', 'oster');
INSERT INTO MODELS (ID, DISPLAY_NAME, CATEGORY, BRAND) VALUES (129, 'Licuadora 58148', 'licuadoras-y-batidoras', 'hamilton-beach');
INSERT INTO MODELS (ID, DISPLAY_NAME, CATEGORY, BRAND) VALUES (130, 'Licuadora E310 Explorian', 'licuadoras-y-batidoras', 'vitamix');
INSERT INTO CATEGORIES (UNIQUE_NAME, DISPLAY_NAME, PARENT_CATEGORY) VALUES ('microondas-y-hornos', 'Microondas y hornos', 'electrodomesticos-de-cocina');
INSERT INTO MODELS (ID, DISPLAY_NAME, CATEGORY, BRAND) VALUES (131, 'Microondas ME21M706BAS', 'microondas-y-hornos', 'samsung');
INSERT INTO MODELS (ID, DISPLAY_NAME, CATEGORY, BRAND) VALUES (132, 'Microondas MH6535GDS', 'microondas-y-hornos', 'lg');
INSERT INTO MODELS (ID, DISPLAY_NAME, CATEGORY, BRAND) VALUES (133, 'Microondas NN-SN686S', 'microondas-y-hornos', 'panasonic');
INSERT INTO MODELS (ID, DISPLAY_NAME, CATEGORY, BRAND) VALUES (134, 'Microondas R-820JS', 'microondas-y-hornos', 'sharp');
INSERT INTO MODELS (ID, DISPLAY_NAME, CATEGORY, BRAND) VALUES (135, 'Microondas MWP 2530 SL', 'microondas-y-hornos', 'whirlpool');
INSERT INTO CATEGORIES (UNIQUE_NAME, DISPLAY_NAME, PARENT_CATEGORY) VALUES ('electrodomesticos-personales', 'Electrodomésticos personales', 'electrodomesticos');
INSERT INTO CATEGORIES (UNIQUE_NAME, DISPLAY_NAME, PARENT_CATEGORY) VALUES ('cepillos-de-dientes-electricos', 'Cepillos de dientes eléctricos', 'electrodomesticos-personales');
INSERT INTO MODELS (ID, DISPLAY_NAME, CATEGORY, BRAND) VALUES (136, 'Cepillo de dientes Sonicare HX9911/12', 'cepillos-de-dientes-electricos', 'philips');
INSERT INTO MODELS (ID, DISPLAY_NAME, CATEGORY, BRAND) VALUES (137, 'Cepillo de dientes Genius 10000', 'cepillos-de-dientes-electricos', 'oral-b');
INSERT INTO MODELS (ID, DISPLAY_NAME, CATEGORY, BRAND) VALUES (138, 'Cepillo de dientes Oral-B Pro 2 2000N', 'cepillos-de-dientes-electricos', 'braun');
INSERT INTO MODELS (ID, DISPLAY_NAME, CATEGORY, BRAND) VALUES (139, 'Cepillo de dientes eléctrico FW-507', 'cepillos-de-dientes-electricos', 'fairywill');
INSERT INTO MODELS (ID, DISPLAY_NAME, CATEGORY, BRAND) VALUES (140, 'Cepillo de dientes Hum', 'cepillos-de-dientes-electricos', 'colgate');
INSERT INTO CATEGORIES (UNIQUE_NAME, DISPLAY_NAME, PARENT_CATEGORY) VALUES ('maquinillas-de-afeitar-electricas', 'Maquinillas de afeitar eléctricas', 'electrodomesticos-personales');
INSERT INTO MODELS (ID, DISPLAY_NAME, CATEGORY, BRAND) VALUES (141, 'Maquinilla de afeitar eléctrica Series 9000 S9987/55', 'maquinillas-de-afeitar-electricas', 'philips');
INSERT INTO MODELS (ID, DISPLAY_NAME, CATEGORY, BRAND) VALUES (142, 'Maquinilla de afeitar eléctrica Series 7 7893s', 'maquinillas-de-afeitar-electricas', 'braun');
INSERT INTO MODELS (ID, DISPLAY_NAME, CATEGORY, BRAND) VALUES (143, 'Maquinilla de afeitar eléctrica ES-LV65-S', 'maquinillas-de-afeitar-electricas', 'panasonic');
INSERT INTO MODELS (ID, DISPLAY_NAME, CATEGORY, BRAND) VALUES (144, 'Maquinilla de afeitar eléctrica F5-5800', 'maquinillas-de-afeitar-electricas', 'remington');
INSERT INTO MODELS (ID, DISPLAY_NAME, CATEGORY, BRAND) VALUES (145, 'Maquinilla de afeitar eléctrica Series 5000 S5587/36', 'maquinillas-de-afeitar-electricas', 'philips');
INSERT INTO CATEGORIES (UNIQUE_NAME, DISPLAY_NAME, PARENT_CATEGORY) VALUES ('planchas-de-cabello', 'Planchas de cabello', 'electrodomesticos-personales');
INSERT INTO MODELS (ID, DISPLAY_NAME, CATEGORY, BRAND) VALUES (146, 'Planchas de cabello SF3132', 'planchas-de-cabello', 'rowenta');
INSERT INTO MODELS (ID, DISPLAY_NAME, CATEGORY, BRAND) VALUES (147, 'Planchas de cabello S8590', 'planchas-de-cabello', 'remington');
INSERT INTO MODELS (ID, DISPLAY_NAME, CATEGORY, BRAND) VALUES (148, 'Planchas de cabello ST395E', 'planchas-de-cabello', 'babyliss');
INSERT INTO MODELS (ID, DISPLAY_NAME, CATEGORY, BRAND) VALUES (149, 'Planchas de cabello HP8321/00', 'planchas-de-cabello', 'philips');
INSERT INTO MODELS (ID, DISPLAY_NAME, CATEGORY, BRAND) VALUES (150, 'Planchas de cabello Platinum+', 'planchas-de-cabello', 'ghd');
INSERT INTO CATEGORIES (UNIQUE_NAME, DISPLAY_NAME, PARENT_CATEGORY) VALUES ('secadores-de-pelo', 'Secadores de pelo', 'electrodomesticos-personales');
INSERT INTO MODELS (ID, DISPLAY_NAME, CATEGORY, BRAND) VALUES (151, 'Secador de pelo Supersonic', 'secadores-de-pelo', 'dyson');
INSERT INTO MODELS (ID, DISPLAY_NAME, CATEGORY, BRAND) VALUES (152, 'Secador de pelo HP8232/00', 'secadores-de-pelo', 'philips');
INSERT INTO MODELS (ID, DISPLAY_NAME, CATEGORY, BRAND) VALUES (153, 'Secador de pelo D3190', 'secadores-de-pelo', 'remington');
INSERT INTO MODELS (ID, DISPLAY_NAME, CATEGORY, BRAND) VALUES (154, 'Secador de pelo CV5361F0', 'secadores-de-pelo', 'rowenta');
INSERT INTO MODELS (ID, DISPLAY_NAME, CATEGORY, BRAND) VALUES (155, 'Secador de pelo Pro Digital 6000E', 'secadores-de-pelo', 'babyliss');
INSERT INTO CATEGORIES (UNIQUE_NAME, DISPLAY_NAME, PARENT_CATEGORY) VALUES ('juguetes-electronicos', 'Juguetes electrónicos', 'electronica');
INSERT INTO CATEGORIES (UNIQUE_NAME, DISPLAY_NAME, PARENT_CATEGORY) VALUES ('robots-y-gadgets', 'Robots y gadgets', 'juguetes-electronicos');
INSERT INTO CATEGORIES (UNIQUE_NAME, DISPLAY_NAME, PARENT_CATEGORY) VALUES ('juguetes-interactivos', 'Juguetes interactivos', 'robots-y-gadgets');
INSERT INTO MODELS (ID, DISPLAY_NAME, CATEGORY, BRAND) VALUES (156, 'Juguete interactivo FurReal Friends Munchin Rex', 'juguetes-interactivos', 'furreal');
INSERT INTO MODELS (ID, DISPLAY_NAME, CATEGORY, BRAND) VALUES (157, 'Juguete interactivo Baby Shark', 'juguetes-interactivos', 'vtech');
INSERT INTO MODELS (ID, DISPLAY_NAME, CATEGORY, BRAND) VALUES (158, 'Juguete interactivo FurReal Friends Ricky', 'juguetes-interactivos', 'hasbro');
INSERT INTO MODELS (ID, DISPLAY_NAME, CATEGORY, BRAND) VALUES (159, 'Juguete interactivo Think & Learn Smart Cycle', 'juguetes-interactivos', 'fisher-price');
INSERT INTO MODELS (ID, DISPLAY_NAME, CATEGORY, BRAND) VALUES (160, 'Juguete interactivo Fingerlings', 'juguetes-interactivos', 'wowwee');
INSERT INTO CATEGORIES (UNIQUE_NAME, DISPLAY_NAME, PARENT_CATEGORY) VALUES ('juguetes-educativos-electronicos', 'Juguetes educativos electrónicos', 'robots-y-gadgets');
INSERT INTO MODELS (ID, DISPLAY_NAME, CATEGORY, BRAND) VALUES (161, 'Juguete educativo electrónico Sit-to-Stand Learning Walker', 'juguetes-educativos-electronicos', 'vtech');
INSERT INTO MODELS (ID, DISPLAY_NAME, CATEGORY, BRAND) VALUES (162, 'Juguete educativo electrónico LeapStart 3D', 'juguetes-educativos-electronicos', 'leapfrog');
INSERT INTO MODELS (ID, DISPLAY_NAME, CATEGORY, BRAND) VALUES (163, 'Juguete educativo electrónico Think & Learn Code-a-Pillar', 'juguetes-educativos-electronicos', 'fisher-price');
INSERT INTO MODELS (ID, DISPLAY_NAME, CATEGORY, BRAND) VALUES (164, 'Juguete educativo electrónico Turn and Learn Driver', 'juguetes-educativos-electronicos', 'vtech');
INSERT INTO MODELS (ID, DISPLAY_NAME, CATEGORY, BRAND) VALUES (165, 'Juguete educativo electrónico LeapPad Ultimate', 'juguetes-educativos-electronicos', 'leapfrog');
INSERT INTO CATEGORIES (UNIQUE_NAME, DISPLAY_NAME, PARENT_CATEGORY) VALUES ('robots-programables', 'Robots programables', 'robots-y-gadgets');
INSERT INTO MODELS (ID, DISPLAY_NAME, CATEGORY, BRAND) VALUES (166, 'Robot programable Mindstorms EV3', 'robots-programables', 'lego');
INSERT INTO MODELS (ID, DISPLAY_NAME, CATEGORY, BRAND) VALUES (167, 'Robot programable mBot', 'robots-programables', 'makeblock');
INSERT INTO MODELS (ID, DISPLAY_NAME, CATEGORY, BRAND) VALUES (168, 'Robot programable SPRK+', 'robots-programables', 'sphero');
INSERT INTO MODELS (ID, DISPLAY_NAME, CATEGORY, BRAND) VALUES (169, 'Robot programable Bit', 'robots-programables', 'ozobot');
INSERT INTO MODELS (ID, DISPLAY_NAME, CATEGORY, BRAND) VALUES (170, 'Robot programable Dash', 'robots-programables', 'wonder-workshop');
INSERT INTO CATEGORIES (UNIQUE_NAME, DISPLAY_NAME, PARENT_CATEGORY) VALUES ('consolas', 'Consolas', 'juguetes-electronicos');
INSERT INTO CATEGORIES (UNIQUE_NAME, DISPLAY_NAME, PARENT_CATEGORY) VALUES ('consolas-portatiles', 'Consolas portátiles', 'consolas');
INSERT INTO MODELS (ID, DISPLAY_NAME, CATEGORY, BRAND) VALUES (171, 'Switch OLED', 'consolas-portatiles', 'nintendo');
INSERT INTO MODELS (ID, DISPLAY_NAME, CATEGORY, BRAND) VALUES (172, 'Switch Lite', 'consolas-portatiles', 'nintendo');
INSERT INTO MODELS (ID, DISPLAY_NAME, CATEGORY, BRAND) VALUES (173, 'PS Vita', 'consolas-portatiles', 'playstation');
INSERT INTO MODELS (ID, DISPLAY_NAME, CATEGORY, BRAND) VALUES (174, 'Win 3', 'consolas-portatiles', 'gpd');
INSERT INTO MODELS (ID, DISPLAY_NAME, CATEGORY, BRAND) VALUES (175, 'Odyssey', 'consolas-portatiles', 'ayn');
INSERT INTO MODELS (ID, DISPLAY_NAME, CATEGORY, BRAND) VALUES (176, 'Win 2', 'consolas-portatiles', 'gpd');
INSERT INTO MODELS (ID, DISPLAY_NAME, CATEGORY, BRAND) VALUES (177, 'Predator Triton 300 SE', 'consolas-portatiles', 'acer');
INSERT INTO MODELS (ID, DISPLAY_NAME, CATEGORY, BRAND) VALUES (178, 'Consola portátil', 'consolas-portatiles', 'playdate');
INSERT INTO MODELS (ID, DISPLAY_NAME, CATEGORY, BRAND) VALUES (179, 'Deck', 'consolas-portatiles', 'steam');
INSERT INTO MODELS (ID, DISPLAY_NAME, CATEGORY, BRAND) VALUES (180, 'RG351MP', 'consolas-portatiles', 'anbernic');
INSERT INTO MODELS (ID, DISPLAY_NAME, CATEGORY, BRAND) VALUES (181, 'Rei', 'consolas-portatiles', 'ayn');
INSERT INTO MODELS (ID, DISPLAY_NAME, CATEGORY, BRAND) VALUES (182, 'Pocket 3', 'consolas-portatiles', 'gpd');
INSERT INTO CATEGORIES (UNIQUE_NAME, DISPLAY_NAME, PARENT_CATEGORY) VALUES ('consolas-de-ultima-generacion', 'Consolas de última generación', 'consolas');
INSERT INTO MODELS (ID, DISPLAY_NAME, CATEGORY, BRAND) VALUES (183, 'PlayStation 5', 'consolas-de-ultima-generacion', 'sony');
INSERT INTO MODELS (ID, DISPLAY_NAME, CATEGORY, BRAND) VALUES (184, 'Xbox Series X', 'consolas-de-ultima-generacion', 'microsoft');
INSERT INTO MODELS (ID, DISPLAY_NAME, CATEGORY, BRAND) VALUES (185, 'Xbox Series S', 'consolas-de-ultima-generacion', 'microsoft');
INSERT INTO CATEGORIES (UNIQUE_NAME, DISPLAY_NAME, PARENT_CATEGORY) VALUES ('consolas-retro', 'Consolas retro', 'consolas');
INSERT INTO MODELS (ID, DISPLAY_NAME, CATEGORY, BRAND) VALUES (186, 'Super Nintendo Classic Mini', 'consolas-retro', 'nintendo');
INSERT INTO MODELS (ID, DISPLAY_NAME, CATEGORY, BRAND) VALUES (187, 'Genesis Mini', 'consolas-retro', 'sega');
INSERT INTO MODELS (ID, DISPLAY_NAME, CATEGORY, BRAND) VALUES (188, 'PlayStation Classic', 'consolas-retro', 'sony');
INSERT INTO MODELS (ID, DISPLAY_NAME, CATEGORY, BRAND) VALUES (189, 'Mini', 'consolas-retro', 'neogeo');
INSERT INTO MODELS (ID, DISPLAY_NAME, CATEGORY, BRAND) VALUES (190, 'Flashback 8 Gold', 'consolas-retro', 'atari');
INSERT INTO CATEGORIES (UNIQUE_NAME, DISPLAY_NAME, PARENT_CATEGORY) VALUES ('consolas-de-videojuegos-en-la-nube', 'Consolas de videojuegos en la nube', 'consolas');
INSERT INTO MODELS (ID, DISPLAY_NAME, CATEGORY, BRAND) VALUES (191, 'Stadia', 'consolas-de-videojuegos-en-la-nube', 'google');
INSERT INTO MODELS (ID, DISPLAY_NAME, CATEGORY, BRAND) VALUES (192, 'Shield TV Pro', 'consolas-de-videojuegos-en-la-nube', 'nvidia');
INSERT INTO MODELS (ID, DISPLAY_NAME, CATEGORY, BRAND) VALUES (193, 'Luna Controller', 'consolas-de-videojuegos-en-la-nube', 'amazon');
INSERT INTO MODELS (ID, DISPLAY_NAME, CATEGORY, BRAND) VALUES (194, 'Edge 5G', 'consolas-de-videojuegos-en-la-nube', 'razer');
INSERT INTO CATEGORIES (UNIQUE_NAME, DISPLAY_NAME, PARENT_CATEGORY) VALUES ('realidad-virtual', 'Realidad virtual', 'consolas');
INSERT INTO MODELS (ID, DISPLAY_NAME, CATEGORY, BRAND) VALUES (195, 'Quest 2', 'realidad-virtual', 'oculus');
INSERT INTO MODELS (ID, DISPLAY_NAME, CATEGORY, BRAND) VALUES (196, 'Rift S', 'realidad-virtual', 'oculus');
INSERT INTO MODELS (ID, DISPLAY_NAME, CATEGORY, BRAND) VALUES (197, 'Vive Pro 2', 'realidad-virtual', 'htc');
INSERT INTO MODELS (ID, DISPLAY_NAME, CATEGORY, BRAND) VALUES (198, 'PlayStation VR', 'realidad-virtual', 'sony');
INSERT INTO MODELS (ID, DISPLAY_NAME, CATEGORY, BRAND) VALUES (199, 'Index VR Kit', 'realidad-virtual', 'valve');
INSERT INTO MODELS (ID, DISPLAY_NAME, CATEGORY, BRAND) VALUES (200, 'Reverb G2', 'realidad-virtual', 'hp');
INSERT INTO MODELS (ID, DISPLAY_NAME, CATEGORY, BRAND) VALUES (201, '8K X', 'realidad-virtual', 'pimax');
INSERT INTO MODELS (ID, DISPLAY_NAME, CATEGORY, BRAND) VALUES (202, 'Odyssey+', 'realidad-virtual', 'samsung');
INSERT INTO MODELS (ID, DISPLAY_NAME, CATEGORY, BRAND) VALUES (203, 'Explorer VR', 'realidad-virtual', 'lenovo');
INSERT INTO MODELS (ID, DISPLAY_NAME, CATEGORY, BRAND) VALUES (204, 'HoloLens 2', 'realidad-virtual', 'microsoft');
INSERT INTO CATEGORIES (UNIQUE_NAME, DISPLAY_NAME, PARENT_CATEGORY) VALUES ('moviles-y-accesorios', 'Móviles y accesorios', 'electronica');
INSERT INTO CATEGORIES (UNIQUE_NAME, DISPLAY_NAME, PARENT_CATEGORY) VALUES ('accesorios-para-moviles', 'Accesorios para móviles', 'moviles-y-accesorios');
INSERT INTO CATEGORIES (UNIQUE_NAME, DISPLAY_NAME, PARENT_CATEGORY) VALUES ('cargadores-y-cables', 'Cargadores y cables', 'accesorios-para-moviles');
INSERT INTO MODELS (ID, DISPLAY_NAME, CATEGORY, BRAND) VALUES (205, 'PowerPort 3 Nano', 'cargadores-y-cables', 'anker');
INSERT INTO MODELS (ID, DISPLAY_NAME, CATEGORY, BRAND) VALUES (206, 'Cargador USB-C 20W', 'cargadores-y-cables', 'aukey');
INSERT INTO MODELS (ID, DISPLAY_NAME, CATEGORY, BRAND) VALUES (207, 'Cargador inalámbrico MagFit', 'cargadores-y-cables', 'spigen');
INSERT INTO MODELS (ID, DISPLAY_NAME, CATEGORY, BRAND) VALUES (208, 'BoostCharge USB-C PD 3.0', 'cargadores-y-cables', 'belkin');
INSERT INTO MODELS (ID, DISPLAY_NAME, CATEGORY, BRAND) VALUES (209, 'Cargador de coche 30W', 'cargadores-y-cables', 'ravpower');
INSERT INTO MODELS (ID, DISPLAY_NAME, CATEGORY, BRAND) VALUES (210, 'Cable USB-C a Lightning', 'cargadores-y-cables', 'ugreen');
INSERT INTO MODELS (ID, DISPLAY_NAME, CATEGORY, BRAND) VALUES (211, 'Cable USB-A a USB-C', 'cargadores-y-cables', 'anker');
INSERT INTO MODELS (ID, DISPLAY_NAME, CATEGORY, BRAND) VALUES (212, 'Basic Cable Lightning', 'cargadores-y-cables', 'amazon');
INSERT INTO MODELS (ID, DISPLAY_NAME, CATEGORY, BRAND) VALUES (213, 'PowerLine+ II Lightning Cable', 'cargadores-y-cables', 'anker');
INSERT INTO MODELS (ID, DISPLAY_NAME, CATEGORY, BRAND) VALUES (214, 'Cable HDMI 2.0', 'cargadores-y-cables', 'ugreen');
INSERT INTO CATEGORIES (UNIQUE_NAME, DISPLAY_NAME, PARENT_CATEGORY) VALUES ('fundas-y-carcasas', 'Fundas y carcasas', 'accesorios-para-moviles');
INSERT INTO MODELS (ID, DISPLAY_NAME, CATEGORY, BRAND) VALUES (215, 'Ultra Hybrid para iPhone', 'fundas-y-carcasas', 'spigen');
INSERT INTO MODELS (ID, DISPLAY_NAME, CATEGORY, BRAND) VALUES (216, 'Defender para Samsung', 'fundas-y-carcasas', 'otterbox');
INSERT INTO MODELS (ID, DISPLAY_NAME, CATEGORY, BRAND) VALUES (217, 'Funda batería para iPhone', 'fundas-y-carcasas', 'mophie');
INSERT INTO MODELS (ID, DISPLAY_NAME, CATEGORY, BRAND) VALUES (218, 'Funda de cuero para iPhone', 'fundas-y-carcasas', 'apple');
INSERT INTO MODELS (ID, DISPLAY_NAME, CATEGORY, BRAND) VALUES (219, 'Pathfinder Series para iPhone', 'fundas-y-carcasas', 'uag');
INSERT INTO MODELS (ID, DISPLAY_NAME, CATEGORY, BRAND) VALUES (220, 'Funda de silicona para Galaxy', 'fundas-y-carcasas', 'samsung');
INSERT INTO MODELS (ID, DISPLAY_NAME, CATEGORY, BRAND) VALUES (221, 'Presidio Grip para iPhone', 'fundas-y-carcasas', 'speck');
INSERT INTO MODELS (ID, DISPLAY_NAME, CATEGORY, BRAND) VALUES (222, 'Skyfall para Samsung Galaxy', 'fundas-y-carcasas', 'caseology');
INSERT INTO MODELS (ID, DISPLAY_NAME, CATEGORY, BRAND) VALUES (223, 'DualPro para iPhone', 'fundas-y-carcasas', 'incipio');
INSERT INTO MODELS (ID, DISPLAY_NAME, CATEGORY, BRAND) VALUES (224, 'Clear Case para iPhone', 'fundas-y-carcasas', 'esr');
INSERT INTO CATEGORIES (UNIQUE_NAME, DISPLAY_NAME, PARENT_CATEGORY) VALUES ('power-banks-(baterias-externas)', 'Power banks (baterías externas)', 'accesorios-para-moviles');
INSERT INTO MODELS (ID, DISPLAY_NAME, CATEGORY, BRAND) VALUES (225, 'PowerCore 10000', 'power-banks-(baterias-externas)', 'anker');
INSERT INTO MODELS (ID, DISPLAY_NAME, CATEGORY, BRAND) VALUES (226, 'Power Bank 20000mAh', 'power-banks-(baterias-externas)', 'ravpower');
INSERT INTO MODELS (ID, DISPLAY_NAME, CATEGORY, BRAND) VALUES (227, 'Mi Power Bank 3', 'power-banks-(baterias-externas)', 'xiaomi');
INSERT INTO MODELS (ID, DISPLAY_NAME, CATEGORY, BRAND) VALUES (228, 'PB-N50 20000mAh', 'power-banks-(baterias-externas)', 'aukey');
INSERT INTO MODELS (ID, DISPLAY_NAME, CATEGORY, BRAND) VALUES (229, 'A3PD 10000mAh', 'power-banks-(baterias-externas)', 'zendure');
INSERT INTO MODELS (ID, DISPLAY_NAME, CATEGORY, BRAND) VALUES (230, 'Powerstation XXL', 'power-banks-(baterias-externas)', 'mophie');
INSERT INTO MODELS (ID, DISPLAY_NAME, CATEGORY, BRAND) VALUES (231, 'BoostCharge 10000mAh', 'power-banks-(baterias-externas)', 'belkin');
INSERT INTO MODELS (ID, DISPLAY_NAME, CATEGORY, BRAND) VALUES (232, 'PowerCore Slim 10000', 'power-banks-(baterias-externas)', 'anker');
INSERT INTO MODELS (ID, DISPLAY_NAME, CATEGORY, BRAND) VALUES (233, 'PowerCore Fusion 5000', 'power-banks-(baterias-externas)', 'anker');
INSERT INTO MODELS (ID, DISPLAY_NAME, CATEGORY, BRAND) VALUES (234, 'Sherpa 100AC', 'power-banks-(baterias-externas)', 'goal-zero');
INSERT INTO CATEGORIES (UNIQUE_NAME, DISPLAY_NAME, PARENT_CATEGORY) VALUES ('protectores-de-pantalla', 'Protectores de pantalla', 'accesorios-para-moviles');
INSERT INTO MODELS (ID, DISPLAY_NAME, CATEGORY, BRAND) VALUES (235, 'InvisiGlass Ultra para iPhone 14', 'protectores-de-pantalla', 'belkin');
INSERT INTO MODELS (ID, DISPLAY_NAME, CATEGORY, BRAND) VALUES (236, 'InvisibleShield Glass Elite+', 'protectores-de-pantalla', 'zagg');
INSERT INTO MODELS (ID, DISPLAY_NAME, CATEGORY, BRAND) VALUES (237, 'GlasTR Slim para Galaxy S22', 'protectores-de-pantalla', 'spigen');
INSERT INTO MODELS (ID, DISPLAY_NAME, CATEGORY, BRAND) VALUES (238, 'Screen Protector para iPhone 13', 'protectores-de-pantalla', 'anker');
INSERT INTO MODELS (ID, DISPLAY_NAME, CATEGORY, BRAND) VALUES (239, 'Amplify Glass para iPhone 14', 'protectores-de-pantalla', 'otterbox');
INSERT INTO MODELS (ID, DISPLAY_NAME, CATEGORY, BRAND) VALUES (240, 'Protector de pantalla para iPad Pro', 'protectores-de-pantalla', 'icarez');
INSERT INTO MODELS (ID, DISPLAY_NAME, CATEGORY, BRAND) VALUES (241, 'Impact Shield para iPhone 12', 'protectores-de-pantalla', 'tech21');
INSERT INTO MODELS (ID, DISPLAY_NAME, CATEGORY, BRAND) VALUES (242, 'Screen Protector para Samsung Galaxy', 'protectores-de-pantalla', 'panzerglass');
INSERT INTO MODELS (ID, DISPLAY_NAME, CATEGORY, BRAND) VALUES (243, 'Protector de pantalla para iPhone 14', 'protectores-de-pantalla', 'jetech');
INSERT INTO MODELS (ID, DISPLAY_NAME, CATEGORY, BRAND) VALUES (244, 'IonGlass para Galaxy S22', 'protectores-de-pantalla', 'moshi');
INSERT INTO CATEGORIES (UNIQUE_NAME, DISPLAY_NAME, PARENT_CATEGORY) VALUES ('soportes-y-tripodes', 'Soportes y trípodes', 'accesorios-para-moviles');
INSERT INTO MODELS (ID, DISPLAY_NAME, CATEGORY, BRAND) VALUES (245, 'Trípode Compact Action', 'soportes-y-tripodes', 'manfrotto');
INSERT INTO MODELS (ID, DISPLAY_NAME, CATEGORY, BRAND) VALUES (246, 'GorillaPod 3K Kit', 'soportes-y-tripodes', 'joby');
INSERT INTO MODELS (ID, DISPLAY_NAME, CATEGORY, BRAND) VALUES (247, 'Basics Trípode de aluminio', 'soportes-y-tripodes', 'amazon');
INSERT INTO MODELS (ID, DISPLAY_NAME, CATEGORY, BRAND) VALUES (248, 'Trípode con control remoto para teléfono', 'soportes-y-tripodes', 'ubeesize');
INSERT INTO MODELS (ID, DISPLAY_NAME, CATEGORY, BRAND) VALUES (249, 'Trípode de cámara 660B', 'soportes-y-tripodes', 'neewer');
INSERT INTO MODELS (ID, DISPLAY_NAME, CATEGORY, BRAND) VALUES (250, 'Alta Pro 263AB 100', 'soportes-y-tripodes', 'vanguard');
INSERT INTO MODELS (ID, DISPLAY_NAME, CATEGORY, BRAND) VALUES (251, 'Trípode TMA38CL', 'soportes-y-tripodes', 'benro');
INSERT INTO MODELS (ID, DISPLAY_NAME, CATEGORY, BRAND) VALUES (252, 'Nanomax 230T', 'soportes-y-tripodes', 'cullmann');
INSERT INTO MODELS (ID, DISPLAY_NAME, CATEGORY, BRAND) VALUES (253, 'GripTight Pro 2 GorillaPod', 'soportes-y-tripodes', 'joby');
INSERT INTO MODELS (ID, DISPLAY_NAME, CATEGORY, BRAND) VALUES (254, 'Trípode de carbono', 'soportes-y-tripodes', 'k&f-concept');
INSERT INTO CATEGORIES (UNIQUE_NAME, DISPLAY_NAME, PARENT_CATEGORY) VALUES ('tarjetas-sim-y-accesorios', 'Tarjetas SIM y accesorios', 'accesorios-para-moviles');
INSERT INTO MODELS (ID, DISPLAY_NAME, CATEGORY, BRAND) VALUES (255, 'MicroSDXC 128GB Extreme Pro', 'tarjetas-sim-y-accesorios', 'sandisk');
INSERT INTO MODELS (ID, DISPLAY_NAME, CATEGORY, BRAND) VALUES (256, 'MicroSDXC EVO Plus 128GB', 'tarjetas-sim-y-accesorios', 'samsung');
INSERT INTO MODELS (ID, DISPLAY_NAME, CATEGORY, BRAND) VALUES (257, 'MicroSDXC Canvas React Plus', 'tarjetas-sim-y-accesorios', 'kingston');
INSERT INTO MODELS (ID, DISPLAY_NAME, CATEGORY, BRAND) VALUES (258, 'SIM Card Prepaid Kit', 'tarjetas-sim-y-accesorios', 't-mobile');
INSERT INTO MODELS (ID, DISPLAY_NAME, CATEGORY, BRAND) VALUES (259, 'SIM Card for iPhone', 'tarjetas-sim-y-accesorios', 'verizon');
INSERT INTO MODELS (ID, DISPLAY_NAME, CATEGORY, BRAND) VALUES (260, 'SIM Card for Android', 'tarjetas-sim-y-accesorios', 'at&t');
INSERT INTO MODELS (ID, DISPLAY_NAME, CATEGORY, BRAND) VALUES (261, 'Tarjeta eSIM de Claro', 'tarjetas-sim-y-accesorios', 'e-sim');
INSERT INTO MODELS (ID, DISPLAY_NAME, CATEGORY, BRAND) VALUES (262, 'SIM Kit for Smartphones', 'tarjetas-sim-y-accesorios', 'tracfone');
INSERT INTO MODELS (ID, DISPLAY_NAME, CATEGORY, BRAND) VALUES (263, 'Adaptador para tarjeta SIM Nano a Micro', 'tarjetas-sim-y-accesorios', 'sim');
INSERT INTO MODELS (ID, DISPLAY_NAME, CATEGORY, BRAND) VALUES (264, 'eSIM de datos internacionales', 'tarjetas-sim-y-accesorios', 'gigsky');
INSERT INTO CATEGORIES (UNIQUE_NAME, DISPLAY_NAME, PARENT_CATEGORY) VALUES ('moviles', 'Móviles', 'moviles-y-accesorios');
INSERT INTO CATEGORIES (UNIQUE_NAME, DISPLAY_NAME, PARENT_CATEGORY) VALUES ('iphones', 'iPhones', 'moviles');
INSERT INTO MODELS (ID, DISPLAY_NAME, CATEGORY, BRAND) VALUES (265, 'iPhone', 'iphones', 'apple');
INSERT INTO CATEGORIES (UNIQUE_NAME, DISPLAY_NAME, PARENT_CATEGORY) VALUES ('smartphones', 'Smartphones', 'moviles');
INSERT INTO MODELS (ID, DISPLAY_NAME, CATEGORY, BRAND) VALUES (266, 'Galaxy S', 'smartphones', 'samsung');
INSERT INTO MODELS (ID, DISPLAY_NAME, CATEGORY, BRAND) VALUES (267, 'Galaxy S Ultra', 'smartphones', 'samsung');
INSERT INTO MODELS (ID, DISPLAY_NAME, CATEGORY, BRAND) VALUES (268, 'Galaxy Note', 'smartphones', 'samsung');
INSERT INTO MODELS (ID, DISPLAY_NAME, CATEGORY, BRAND) VALUES (269, 'Galaxy Z Fold', 'smartphones', 'samsung');
INSERT INTO MODELS (ID, DISPLAY_NAME, CATEGORY, BRAND) VALUES (270, 'Galaxy Z Flip', 'smartphones', 'samsung');
INSERT INTO MODELS (ID, DISPLAY_NAME, CATEGORY, BRAND) VALUES (271, 'Galaxy A', 'smartphones', 'samsung');
INSERT INTO MODELS (ID, DISPLAY_NAME, CATEGORY, BRAND) VALUES (272, 'Galaxy M', 'smartphones', 'samsung');
INSERT INTO MODELS (ID, DISPLAY_NAME, CATEGORY, BRAND) VALUES (273, 'Galaxy F', 'smartphones', 'samsung');
INSERT INTO MODELS (ID, DISPLAY_NAME, CATEGORY, BRAND) VALUES (274, 'Pixel', 'smartphones', 'google');
INSERT INTO MODELS (ID, DISPLAY_NAME, CATEGORY, BRAND) VALUES (275, 'Pixel XL', 'smartphones', 'google');
INSERT INTO MODELS (ID, DISPLAY_NAME, CATEGORY, BRAND) VALUES (276, 'Nord', 'smartphones', 'oneplus');
INSERT INTO MODELS (ID, DISPLAY_NAME, CATEGORY, BRAND) VALUES (277, 'Pro', 'smartphones', 'oneplus');
INSERT INTO MODELS (ID, DISPLAY_NAME, CATEGORY, BRAND) VALUES (278, 'Mi', 'smartphones', 'xiaomi');
INSERT INTO MODELS (ID, DISPLAY_NAME, CATEGORY, BRAND) VALUES (279, 'Redmi', 'smartphones', 'xiaomi');
INSERT INTO MODELS (ID, DISPLAY_NAME, CATEGORY, BRAND) VALUES (280, 'Poco', 'smartphones', 'xiaomi');
INSERT INTO MODELS (ID, DISPLAY_NAME, CATEGORY, BRAND) VALUES (281, 'Moto G', 'smartphones', 'motorola');
INSERT INTO MODELS (ID, DISPLAY_NAME, CATEGORY, BRAND) VALUES (282, 'Moto E', 'smartphones', 'motorola');
INSERT INTO MODELS (ID, DISPLAY_NAME, CATEGORY, BRAND) VALUES (283, 'Edge', 'smartphones', 'motorola');
INSERT INTO MODELS (ID, DISPLAY_NAME, CATEGORY, BRAND) VALUES (284, 'One', 'smartphones', 'motorola');
INSERT INTO MODELS (ID, DISPLAY_NAME, CATEGORY, BRAND) VALUES (285, 'GT', 'smartphones', 'realme');
INSERT INTO MODELS (ID, DISPLAY_NAME, CATEGORY, BRAND) VALUES (286, 'Narzo', 'smartphones', 'realme');
INSERT INTO MODELS (ID, DISPLAY_NAME, CATEGORY, BRAND) VALUES (287, 'X', 'smartphones', 'realme');
INSERT INTO MODELS (ID, DISPLAY_NAME, CATEGORY, BRAND) VALUES (288, 'Find X', 'smartphones', 'oppo');
INSERT INTO MODELS (ID, DISPLAY_NAME, CATEGORY, BRAND) VALUES (289, 'Reno', 'smartphones', 'oppo');
INSERT INTO MODELS (ID, DISPLAY_NAME, CATEGORY, BRAND) VALUES (290, 'A Series', 'smartphones', 'oppo');
INSERT INTO MODELS (ID, DISPLAY_NAME, CATEGORY, BRAND) VALUES (291, 'F Series', 'smartphones', 'oppo');
INSERT INTO MODELS (ID, DISPLAY_NAME, CATEGORY, BRAND) VALUES (292, 'V Series', 'smartphones', 'vivo');
INSERT INTO MODELS (ID, DISPLAY_NAME, CATEGORY, BRAND) VALUES (293, 'Y Series', 'smartphones', 'vivo');
INSERT INTO MODELS (ID, DISPLAY_NAME, CATEGORY, BRAND) VALUES (294, 'X Series', 'smartphones', 'vivo');
INSERT INTO MODELS (ID, DISPLAY_NAME, CATEGORY, BRAND) VALUES (295, 'Magic', 'smartphones', 'honor');
INSERT INTO MODELS (ID, DISPLAY_NAME, CATEGORY, BRAND) VALUES (296, 'X Series', 'smartphones', 'honor');
INSERT INTO MODELS (ID, DISPLAY_NAME, CATEGORY, BRAND) VALUES (297, 'Mate', 'smartphones', 'huawei');
INSERT INTO MODELS (ID, DISPLAY_NAME, CATEGORY, BRAND) VALUES (298, 'P Series', 'smartphones', 'huawei');
INSERT INTO MODELS (ID, DISPLAY_NAME, CATEGORY, BRAND) VALUES (299, 'Nova', 'smartphones', 'huawei');
INSERT INTO MODELS (ID, DISPLAY_NAME, CATEGORY, BRAND) VALUES (300, 'Zenfone', 'smartphones', 'asus');
INSERT INTO MODELS (ID, DISPLAY_NAME, CATEGORY, BRAND) VALUES (301, 'ROG Phone', 'smartphones', 'asus');
INSERT INTO MODELS (ID, DISPLAY_NAME, CATEGORY, BRAND) VALUES (302, 'Zenfone Max', 'smartphones', 'asus');
INSERT INTO MODELS (ID, DISPLAY_NAME, CATEGORY, BRAND) VALUES (303, 'V Series', 'smartphones', 'lg');
INSERT INTO MODELS (ID, DISPLAY_NAME, CATEGORY, BRAND) VALUES (304, 'G Series', 'smartphones', 'lg');
INSERT INTO MODELS (ID, DISPLAY_NAME, CATEGORY, BRAND) VALUES (305, 'K Series', 'smartphones', 'lg');
INSERT INTO MODELS (ID, DISPLAY_NAME, CATEGORY, BRAND) VALUES (306, 'Xperia', 'smartphones', 'sony');
INSERT INTO MODELS (ID, DISPLAY_NAME, CATEGORY, BRAND) VALUES (307, 'Xperia Compact', 'smartphones', 'sony');
INSERT INTO MODELS (ID, DISPLAY_NAME, CATEGORY, BRAND) VALUES (308, 'Xperia Pro', 'smartphones', 'sony');
INSERT INTO MODELS (ID, DISPLAY_NAME, CATEGORY, BRAND) VALUES (309, 'Z Series', 'smartphones', 'lenovo');
INSERT INTO MODELS (ID, DISPLAY_NAME, CATEGORY, BRAND) VALUES (310, 'Axon', 'smartphones', 'zte');
INSERT INTO MODELS (ID, DISPLAY_NAME, CATEGORY, BRAND) VALUES (311, 'X Series', 'smartphones', 'nokia');
INSERT INTO MODELS (ID, DISPLAY_NAME, CATEGORY, BRAND) VALUES (312, 'G Series', 'smartphones', 'nokia');
INSERT INTO MODELS (ID, DISPLAY_NAME, CATEGORY, BRAND) VALUES (313, '10 Series', 'smartphones', 'tcl');
INSERT INTO MODELS (ID, DISPLAY_NAME, CATEGORY, BRAND) VALUES (314, 'Zero', 'smartphones', 'infinix');
INSERT INTO MODELS (ID, DISPLAY_NAME, CATEGORY, BRAND) VALUES (315, 'Note', 'smartphones', 'infinix');
INSERT INTO MODELS (ID, DISPLAY_NAME, CATEGORY, BRAND) VALUES (316, 'Camon', 'smartphones', 'tecno');
INSERT INTO MODELS (ID, DISPLAY_NAME, CATEGORY, BRAND) VALUES (317, 'In Series', 'smartphones', 'micromax');
INSERT INTO MODELS (ID, DISPLAY_NAME, CATEGORY, BRAND) VALUES (318, 'C Series', 'smartphones', 'realme');
INSERT INTO MODELS (ID, DISPLAY_NAME, CATEGORY, BRAND) VALUES (319, 'X Series', 'smartphones', 'poco');
INSERT INTO CATEGORIES (UNIQUE_NAME, DISPLAY_NAME, PARENT_CATEGORY) VALUES ('ordenadores-y-accesorios', 'Ordenadores y accesorios', 'electronica');
INSERT INTO CATEGORIES (UNIQUE_NAME, DISPLAY_NAME, PARENT_CATEGORY) VALUES ('accesorios-para-ordenadores', 'Accesorios para ordenadores', 'ordenadores-y-accesorios');
INSERT INTO CATEGORIES (UNIQUE_NAME, DISPLAY_NAME, PARENT_CATEGORY) VALUES ('alfombrillas-para-teclado-y-raton', 'Alfombrillas para teclado y ratón', 'accesorios-para-ordenadores');
INSERT INTO MODELS (ID, DISPLAY_NAME, CATEGORY, BRAND) VALUES (320, 'MM300 Anti-Fray Cloth', 'alfombrillas-para-teclado-y-raton', 'corsair');
INSERT INTO MODELS (ID, DISPLAY_NAME, CATEGORY, BRAND) VALUES (321, 'G640 Cloth Gaming Mouse Pad', 'alfombrillas-para-teclado-y-raton', 'logitech');
INSERT INTO MODELS (ID, DISPLAY_NAME, CATEGORY, BRAND) VALUES (322, 'GigaPad', 'alfombrillas-para-teclado-y-raton', 'razer');
INSERT INTO MODELS (ID, DISPLAY_NAME, CATEGORY, BRAND) VALUES (323, 'Qck Heavy', 'alfombrillas-para-teclado-y-raton', 'steelseries');
INSERT INTO MODELS (ID, DISPLAY_NAME, CATEGORY, BRAND) VALUES (324, 'Fury S Pro', 'alfombrillas-para-teclado-y-raton', 'hyperx');
INSERT INTO MODELS (ID, DISPLAY_NAME, CATEGORY, BRAND) VALUES (325, 'P001 Game Mouse Pad', 'alfombrillas-para-teclado-y-raton', 'redragon');
INSERT INTO MODELS (ID, DISPLAY_NAME, CATEGORY, BRAND) VALUES (326, 'Taito Control', 'alfombrillas-para-teclado-y-raton', 'roccat');
INSERT INTO MODELS (ID, DISPLAY_NAME, CATEGORY, BRAND) VALUES (327, 'Mouse Pad XXL', 'alfombrillas-para-teclado-y-raton', 'aula');
INSERT INTO MODELS (ID, DISPLAY_NAME, CATEGORY, BRAND) VALUES (328, 'G640 Large Mousepad', 'alfombrillas-para-teclado-y-raton', 'logitech');
INSERT INTO MODELS (ID, DISPLAY_NAME, CATEGORY, BRAND) VALUES (329, 'G-SR-SE', 'alfombrillas-para-teclado-y-raton', 'zowie');
INSERT INTO CATEGORIES (UNIQUE_NAME, DISPLAY_NAME, PARENT_CATEGORY) VALUES ('camaras-web', 'Cámaras web', 'accesorios-para-ordenadores');
INSERT INTO MODELS (ID, DISPLAY_NAME, CATEGORY, BRAND) VALUES (330, 'C922 Pro Stream', 'camaras-web', 'logitech');
INSERT INTO MODELS (ID, DISPLAY_NAME, CATEGORY, BRAND) VALUES (331, 'Kiyo', 'camaras-web', 'razer');
INSERT INTO MODELS (ID, DISPLAY_NAME, CATEGORY, BRAND) VALUES (332, 'LifeCam HD-3000', 'camaras-web', 'microsoft');
INSERT INTO MODELS (ID, DISPLAY_NAME, CATEGORY, BRAND) VALUES (333, 'Live! Cam Chat HD', 'camaras-web', 'creative');
INSERT INTO MODELS (ID, DISPLAY_NAME, CATEGORY, BRAND) VALUES (334, 'BRIO Ultra HD', 'camaras-web', 'logitech');
INSERT INTO MODELS (ID, DISPLAY_NAME, CATEGORY, BRAND) VALUES (335, 'AW615', 'camaras-web', 'ausdom');
INSERT INTO MODELS (ID, DISPLAY_NAME, CATEGORY, BRAND) VALUES (336, 'PowerConf C300', 'camaras-web', 'anker');
INSERT INTO MODELS (ID, DISPLAY_NAME, CATEGORY, BRAND) VALUES (337, 'PC-LM1E', 'camaras-web', 'aukey');
INSERT INTO MODELS (ID, DISPLAY_NAME, CATEGORY, BRAND) VALUES (338, 'PA930', 'camaras-web', 'papalook');
INSERT INTO MODELS (ID, DISPLAY_NAME, CATEGORY, BRAND) VALUES (339, 'C920S HD Pro', 'camaras-web', 'logitech');
INSERT INTO CATEGORIES (UNIQUE_NAME, DISPLAY_NAME, PARENT_CATEGORY) VALUES ('monitores', 'Monitores', 'accesorios-para-ordenadores');
INSERT INTO MODELS (ID, DISPLAY_NAME, CATEGORY, BRAND) VALUES (340, 'UltraSharp U2720Q', 'monitores', 'dell');
INSERT INTO MODELS (ID, DISPLAY_NAME, CATEGORY, BRAND) VALUES (341, 'Odyssey G7', 'monitores', 'samsung');
INSERT INTO MODELS (ID, DISPLAY_NAME, CATEGORY, BRAND) VALUES (342, '27GL850-B', 'monitores', 'lg');
INSERT INTO MODELS (ID, DISPLAY_NAME, CATEGORY, BRAND) VALUES (343, 'EX2780Q', 'monitores', 'benq');
INSERT INTO MODELS (ID, DISPLAY_NAME, CATEGORY, BRAND) VALUES (344, 'Predator X34', 'monitores', 'acer');
INSERT INTO MODELS (ID, DISPLAY_NAME, CATEGORY, BRAND) VALUES (345, 'TUF Gaming VG27AQ', 'monitores', 'asus');
INSERT INTO MODELS (ID, DISPLAY_NAME, CATEGORY, BRAND) VALUES (346, 'VP3268-4K', 'monitores', 'viewsonic');
INSERT INTO MODELS (ID, DISPLAY_NAME, CATEGORY, BRAND) VALUES (347, 'Optix MAG272CQR', 'monitores', 'msi');
INSERT INTO MODELS (ID, DISPLAY_NAME, CATEGORY, BRAND) VALUES (348, 'Omen 27i', 'monitores', 'hp');
INSERT INTO MODELS (ID, DISPLAY_NAME, CATEGORY, BRAND) VALUES (349, 'C49HG90DMU', 'monitores', 'samsung');
INSERT INTO CATEGORIES (UNIQUE_NAME, DISPLAY_NAME, PARENT_CATEGORY) VALUES ('ratones-y-mousepads', 'Ratones y mousepads', 'accesorios-para-ordenadores');
INSERT INTO MODELS (ID, DISPLAY_NAME, CATEGORY, BRAND) VALUES (350, 'G502 HERO', 'ratones-y-mousepads', 'logitech');
INSERT INTO MODELS (ID, DISPLAY_NAME, CATEGORY, BRAND) VALUES (351, 'DeathAdder V2', 'ratones-y-mousepads', 'razer');
INSERT INTO MODELS (ID, DISPLAY_NAME, CATEGORY, BRAND) VALUES (352, 'Dark Core RGB/SE', 'ratones-y-mousepads', 'corsair');
INSERT INTO MODELS (ID, DISPLAY_NAME, CATEGORY, BRAND) VALUES (353, 'Rival 600', 'ratones-y-mousepads', 'steelseries');
INSERT INTO MODELS (ID, DISPLAY_NAME, CATEGORY, BRAND) VALUES (354, 'Surface Arc Mouse', 'ratones-y-mousepads', 'microsoft');
INSERT INTO MODELS (ID, DISPLAY_NAME, CATEGORY, BRAND) VALUES (355, 'M601 CENTROPHORUS', 'ratones-y-mousepads', 'redragon');
INSERT INTO MODELS (ID, DISPLAY_NAME, CATEGORY, BRAND) VALUES (356, 'Kone Pro Air', 'ratones-y-mousepads', 'roccat');
INSERT INTO MODELS (ID, DISPLAY_NAME, CATEGORY, BRAND) VALUES (357, 'MX Master 3', 'ratones-y-mousepads', 'logitech');
INSERT INTO MODELS (ID, DISPLAY_NAME, CATEGORY, BRAND) VALUES (358, 'Sensei Ten', 'ratones-y-mousepads', 'steelseries');
INSERT INTO MODELS (ID, DISPLAY_NAME, CATEGORY, BRAND) VALUES (359, 'G Pro X Superlight', 'ratones-y-mousepads', 'logitech');
INSERT INTO CATEGORIES (UNIQUE_NAME, DISPLAY_NAME, PARENT_CATEGORY) VALUES ('soportes-y-bases-para-laptops', 'Soportes y bases para laptops', 'accesorios-para-ordenadores');
INSERT INTO MODELS (ID, DISPLAY_NAME, CATEGORY, BRAND) VALUES (360, 'Laptop Stand', 'soportes-y-bases-para-laptops', 'targus');
INSERT INTO MODELS (ID, DISPLAY_NAME, CATEGORY, BRAND) VALUES (361, 'mStand', 'soportes-y-bases-para-laptops', 'rain-design');
INSERT INTO MODELS (ID, DISPLAY_NAME, CATEGORY, BRAND) VALUES (362, 'NotePal X3', 'soportes-y-bases-para-laptops', 'cooler-master');
INSERT INTO MODELS (ID, DISPLAY_NAME, CATEGORY, BRAND) VALUES (363, 'K2 Portable Laptop Stand', 'soportes-y-bases-para-laptops', 'nexstand');
INSERT INTO MODELS (ID, DISPLAY_NAME, CATEGORY, BRAND) VALUES (364, 'LX Desk Mount', 'soportes-y-bases-para-laptops', 'ergotron');
INSERT INTO MODELS (ID, DISPLAY_NAME, CATEGORY, BRAND) VALUES (365, 'SmartFit Laptop Riser', 'soportes-y-bases-para-laptops', 'kensington');
INSERT INTO MODELS (ID, DISPLAY_NAME, CATEGORY, BRAND) VALUES (366, 'Stand by Roost', 'soportes-y-bases-para-laptops', 'laptop');
INSERT INTO MODELS (ID, DISPLAY_NAME, CATEGORY, BRAND) VALUES (367, 'Laptop Stand', 'soportes-y-bases-para-laptops', 'jabra');
INSERT INTO MODELS (ID, DISPLAY_NAME, CATEGORY, BRAND) VALUES (368, 'Invisible Laptop Stand', 'soportes-y-bases-para-laptops', 'moft');
INSERT INTO MODELS (ID, DISPLAY_NAME, CATEGORY, BRAND) VALUES (369, 'Laptop Stand', 'soportes-y-bases-para-laptops', 'ugreen');
INSERT INTO CATEGORIES (UNIQUE_NAME, DISPLAY_NAME, PARENT_CATEGORY) VALUES ('teclados', 'Teclados', 'accesorios-para-ordenadores');
INSERT INTO MODELS (ID, DISPLAY_NAME, CATEGORY, BRAND) VALUES (370, 'G Pro X', 'teclados', 'logitech');
INSERT INTO MODELS (ID, DISPLAY_NAME, CATEGORY, BRAND) VALUES (371, 'K95 RGB Platinum XT', 'teclados', 'corsair');
INSERT INTO MODELS (ID, DISPLAY_NAME, CATEGORY, BRAND) VALUES (372, 'BlackWidow V3', 'teclados', 'razer');
INSERT INTO MODELS (ID, DISPLAY_NAME, CATEGORY, BRAND) VALUES (373, 'Apex Pro', 'teclados', 'steelseries');
INSERT INTO MODELS (ID, DISPLAY_NAME, CATEGORY, BRAND) VALUES (374, 'K552 Kumara', 'teclados', 'redragon');
INSERT INTO MODELS (ID, DISPLAY_NAME, CATEGORY, BRAND) VALUES (375, 'K780 Multi-Device Wireless', 'teclados', 'logitech');
INSERT INTO MODELS (ID, DISPLAY_NAME, CATEGORY, BRAND) VALUES (376, 'K8 Wireless Mechanical', 'teclados', 'keychron');
INSERT INTO MODELS (ID, DISPLAY_NAME, CATEGORY, BRAND) VALUES (377, 'Alloy FPS Pro', 'teclados', 'hyperx');
INSERT INTO MODELS (ID, DISPLAY_NAME, CATEGORY, BRAND) VALUES (378, 'ROG Strix Scope', 'teclados', 'asus');
INSERT INTO MODELS (ID, DISPLAY_NAME, CATEGORY, BRAND) VALUES (379, 'FC750R', 'teclados', 'leopold');
INSERT INTO MODELS (ID, DISPLAY_NAME, CATEGORY, BRAND) VALUES (380, 'K1 versión 6', 'teclados', 'keychron');
INSERT INTO MODELS (ID, DISPLAY_NAME, CATEGORY, BRAND) VALUES (381, 'K2', 'teclados', 'keychron');
INSERT INTO MODELS (ID, DISPLAY_NAME, CATEGORY, BRAND) VALUES (382, 'K2 Intercambiable en Caliente', 'teclados', 'keychron');
INSERT INTO MODELS (ID, DISPLAY_NAME, CATEGORY, BRAND) VALUES (383, 'K2 Sin Retroiluminación', 'teclados', 'keychron');
INSERT INTO MODELS (ID, DISPLAY_NAME, CATEGORY, BRAND) VALUES (384, 'K3', 'teclados', 'keychron');
INSERT INTO MODELS (ID, DISPLAY_NAME, CATEGORY, BRAND) VALUES (385, 'K3 Versión 3', 'teclados', 'keychron');
INSERT INTO MODELS (ID, DISPLAY_NAME, CATEGORY, BRAND) VALUES (386, 'K3 Sin Retroiluminación', 'teclados', 'keychron');
INSERT INTO MODELS (ID, DISPLAY_NAME, CATEGORY, BRAND) VALUES (387, 'K4', 'teclados', 'keychron');
INSERT INTO MODELS (ID, DISPLAY_NAME, CATEGORY, BRAND) VALUES (388, 'K5', 'teclados', 'keychron');
INSERT INTO MODELS (ID, DISPLAY_NAME, CATEGORY, BRAND) VALUES (389, 'K6', 'teclados', 'keychron');
INSERT INTO MODELS (ID, DISPLAY_NAME, CATEGORY, BRAND) VALUES (390, 'K7', 'teclados', 'keychron');
INSERT INTO MODELS (ID, DISPLAY_NAME, CATEGORY, BRAND) VALUES (391, 'K8', 'teclados', 'keychron');
INSERT INTO MODELS (ID, DISPLAY_NAME, CATEGORY, BRAND) VALUES (392, 'K8', 'teclados', 'keychron');
INSERT INTO MODELS (ID, DISPLAY_NAME, CATEGORY, BRAND) VALUES (393, 'K10', 'teclados', 'keychron');
INSERT INTO MODELS (ID, DISPLAY_NAME, CATEGORY, BRAND) VALUES (394, 'K12', 'teclados', 'keychron');
INSERT INTO MODELS (ID, DISPLAY_NAME, CATEGORY, BRAND) VALUES (395, 'K14', 'teclados', 'keychron');
INSERT INTO CATEGORIES (UNIQUE_NAME, DISPLAY_NAME, PARENT_CATEGORY) VALUES ('procesadores', 'Procesadores', 'accesorios-para-ordenadores');
INSERT INTO MODELS (ID, DISPLAY_NAME, CATEGORY, BRAND) VALUES (396, 'Core i9-13900K', 'procesadores', 'intel');
INSERT INTO MODELS (ID, DISPLAY_NAME, CATEGORY, BRAND) VALUES (397, 'Core i7-13700K', 'procesadores', 'intel');
INSERT INTO MODELS (ID, DISPLAY_NAME, CATEGORY, BRAND) VALUES (398, 'Core i5-13600K', 'procesadores', 'intel');
INSERT INTO MODELS (ID, DISPLAY_NAME, CATEGORY, BRAND) VALUES (399, 'Core i5-12600K', 'procesadores', 'intel');
INSERT INTO MODELS (ID, DISPLAY_NAME, CATEGORY, BRAND) VALUES (400, 'Ryzen 9 7950X', 'procesadores', 'amd');
INSERT INTO MODELS (ID, DISPLAY_NAME, CATEGORY, BRAND) VALUES (401, 'Ryzen 7 7800X3D', 'procesadores', 'amd');
INSERT INTO MODELS (ID, DISPLAY_NAME, CATEGORY, BRAND) VALUES (402, 'Ryzen 5 7600X', 'procesadores', 'amd');
INSERT INTO MODELS (ID, DISPLAY_NAME, CATEGORY, BRAND) VALUES (403, 'Ryzen 7 5800X', 'procesadores', 'amd');
INSERT INTO MODELS (ID, DISPLAY_NAME, CATEGORY, BRAND) VALUES (404, 'Core i3-12100F', 'procesadores', 'intel');
INSERT INTO MODELS (ID, DISPLAY_NAME, CATEGORY, BRAND) VALUES (405, 'Core i5-12400F', 'procesadores', 'intel');
INSERT INTO MODELS (ID, DISPLAY_NAME, CATEGORY, BRAND) VALUES (406, 'Ryzen 5 5600X', 'procesadores', 'amd');
INSERT INTO MODELS (ID, DISPLAY_NAME, CATEGORY, BRAND) VALUES (407, 'Core i9-12900K', 'procesadores', 'intel');
INSERT INTO MODELS (ID, DISPLAY_NAME, CATEGORY, BRAND) VALUES (408, 'Ryzen 9 5900X', 'procesadores', 'amd');
INSERT INTO MODELS (ID, DISPLAY_NAME, CATEGORY, BRAND) VALUES (409, 'Core i7-11700K', 'procesadores', 'intel');
INSERT INTO MODELS (ID, DISPLAY_NAME, CATEGORY, BRAND) VALUES (410, 'Ryzen 7 3700X', 'procesadores', 'amd');
INSERT INTO MODELS (ID, DISPLAY_NAME, CATEGORY, BRAND) VALUES (411, 'Core i5-11400F', 'procesadores', 'intel');
INSERT INTO MODELS (ID, DISPLAY_NAME, CATEGORY, BRAND) VALUES (412, 'Ryzen 5 3500X', 'procesadores', 'amd');
INSERT INTO MODELS (ID, DISPLAY_NAME, CATEGORY, BRAND) VALUES (413, 'Core i9-11900K', 'procesadores', 'intel');
INSERT INTO MODELS (ID, DISPLAY_NAME, CATEGORY, BRAND) VALUES (414, 'Ryzen 5 3400G', 'procesadores', 'amd');
INSERT INTO MODELS (ID, DISPLAY_NAME, CATEGORY, BRAND) VALUES (415, 'Core i5-10400F', 'procesadores', 'intel');
INSERT INTO MODELS (ID, DISPLAY_NAME, CATEGORY, BRAND) VALUES (416, 'Ryzen 3 3200G', 'procesadores', 'amd');
INSERT INTO MODELS (ID, DISPLAY_NAME, CATEGORY, BRAND) VALUES (417, 'Core i7-9700K', 'procesadores', 'intel');
INSERT INTO MODELS (ID, DISPLAY_NAME, CATEGORY, BRAND) VALUES (418, 'Ryzen 7 2700X', 'procesadores', 'amd');
INSERT INTO MODELS (ID, DISPLAY_NAME, CATEGORY, BRAND) VALUES (419, 'Xeon W-2295', 'procesadores', 'intel');
INSERT INTO MODELS (ID, DISPLAY_NAME, CATEGORY, BRAND) VALUES (420, 'Core i3-9100F', 'procesadores', 'intel');
INSERT INTO MODELS (ID, DISPLAY_NAME, CATEGORY, BRAND) VALUES (421, 'Athlon 3000G', 'procesadores', 'amd');
INSERT INTO MODELS (ID, DISPLAY_NAME, CATEGORY, BRAND) VALUES (422, 'Core i9-9980XE', 'procesadores', 'intel');
INSERT INTO MODELS (ID, DISPLAY_NAME, CATEGORY, BRAND) VALUES (423, 'Core i7-9700KF', 'procesadores', 'intel');
INSERT INTO CATEGORIES (UNIQUE_NAME, DISPLAY_NAME, PARENT_CATEGORY) VALUES ('tarjetas-graficas', 'Tarjetas gráficas', 'accesorios-para-ordenadores');
INSERT INTO MODELS (ID, DISPLAY_NAME, CATEGORY, BRAND) VALUES (424, 'GeForce RTX 4090', 'tarjetas-graficas', 'nvidia');
INSERT INTO MODELS (ID, DISPLAY_NAME, CATEGORY, BRAND) VALUES (425, 'GeForce RTX 4080', 'tarjetas-graficas', 'nvidia');
INSERT INTO MODELS (ID, DISPLAY_NAME, CATEGORY, BRAND) VALUES (426, 'GeForce RTX 4070 Ti', 'tarjetas-graficas', 'nvidia');
INSERT INTO MODELS (ID, DISPLAY_NAME, CATEGORY, BRAND) VALUES (427, 'GeForce RTX 3060 Ti', 'tarjetas-graficas', 'nvidia');
INSERT INTO MODELS (ID, DISPLAY_NAME, CATEGORY, BRAND) VALUES (428, 'Radeon RX 7900 XT', 'tarjetas-graficas', 'amd');
INSERT INTO MODELS (ID, DISPLAY_NAME, CATEGORY, BRAND) VALUES (429, 'Radeon RX 7800 XT', 'tarjetas-graficas', 'amd');
INSERT INTO MODELS (ID, DISPLAY_NAME, CATEGORY, BRAND) VALUES (430, 'GeForce GTX 1660 Ti', 'tarjetas-graficas', 'nvidia');
INSERT INTO MODELS (ID, DISPLAY_NAME, CATEGORY, BRAND) VALUES (431, 'GeForce RTX 3070', 'tarjetas-graficas', 'nvidia');
INSERT INTO MODELS (ID, DISPLAY_NAME, CATEGORY, BRAND) VALUES (432, 'GeForce RTX 3080 Ti', 'tarjetas-graficas', 'nvidia');
INSERT INTO MODELS (ID, DISPLAY_NAME, CATEGORY, BRAND) VALUES (433, 'GeForce GTX 1650', 'tarjetas-graficas', 'nvidia');
INSERT INTO MODELS (ID, DISPLAY_NAME, CATEGORY, BRAND) VALUES (434, 'GeForce RTX 3090', 'tarjetas-graficas', 'nvidia');
INSERT INTO MODELS (ID, DISPLAY_NAME, CATEGORY, BRAND) VALUES (435, 'Radeon RX 6700 XT', 'tarjetas-graficas', 'amd');
INSERT INTO MODELS (ID, DISPLAY_NAME, CATEGORY, BRAND) VALUES (436, 'GeForce GTX 1060 6GB', 'tarjetas-graficas', 'nvidia');
INSERT INTO MODELS (ID, DISPLAY_NAME, CATEGORY, BRAND) VALUES (437, 'Radeon RX 5700 XT', 'tarjetas-graficas', 'amd');
INSERT INTO MODELS (ID, DISPLAY_NAME, CATEGORY, BRAND) VALUES (438, 'GeForce RTX 2080 Ti', 'tarjetas-graficas', 'nvidia');
INSERT INTO MODELS (ID, DISPLAY_NAME, CATEGORY, BRAND) VALUES (439, 'GeForce GTX 1050 Ti', 'tarjetas-graficas', 'nvidia');
INSERT INTO MODELS (ID, DISPLAY_NAME, CATEGORY, BRAND) VALUES (440, 'Radeon RX 5600 XT', 'tarjetas-graficas', 'amd');
INSERT INTO MODELS (ID, DISPLAY_NAME, CATEGORY, BRAND) VALUES (441, 'GeForce RTX 2060 Super', 'tarjetas-graficas', 'nvidia');
INSERT INTO MODELS (ID, DISPLAY_NAME, CATEGORY, BRAND) VALUES (442, 'GeForce GTX 1080 Ti', 'tarjetas-graficas', 'nvidia');
INSERT INTO MODELS (ID, DISPLAY_NAME, CATEGORY, BRAND) VALUES (443, 'GeForce RTX 3050', 'tarjetas-graficas', 'nvidia');
INSERT INTO MODELS (ID, DISPLAY_NAME, CATEGORY, BRAND) VALUES (444, 'GeForce GTX 1050', 'tarjetas-graficas', 'nvidia');
INSERT INTO MODELS (ID, DISPLAY_NAME, CATEGORY, BRAND) VALUES (445, 'GeForce RTX 3060', 'tarjetas-graficas', 'nvidia');
INSERT INTO MODELS (ID, DISPLAY_NAME, CATEGORY, BRAND) VALUES (446, 'Radeon RX 6500 XT', 'tarjetas-graficas', 'amd');
INSERT INTO MODELS (ID, DISPLAY_NAME, CATEGORY, BRAND) VALUES (447, 'GeForce RTX 2070 Super', 'tarjetas-graficas', 'nvidia');
INSERT INTO MODELS (ID, DISPLAY_NAME, CATEGORY, BRAND) VALUES (448, 'Radeon RX 6600 XT', 'tarjetas-graficas', 'amd');
INSERT INTO MODELS (ID, DISPLAY_NAME, CATEGORY, BRAND) VALUES (449, 'GeForce GTX 980 Ti', 'tarjetas-graficas', 'nvidia');
INSERT INTO MODELS (ID, DISPLAY_NAME, CATEGORY, BRAND) VALUES (450, 'GeForce RTX 3090 Ti', 'tarjetas-graficas', 'nvidia');
INSERT INTO MODELS (ID, DISPLAY_NAME, CATEGORY, BRAND) VALUES (451, 'GeForce RTX 2080 Super', 'tarjetas-graficas', 'nvidia');
INSERT INTO MODELS (ID, DISPLAY_NAME, CATEGORY, BRAND) VALUES (452, 'Radeon RX 5500 XT', 'tarjetas-graficas', 'amd');
INSERT INTO MODELS (ID, DISPLAY_NAME, CATEGORY, BRAND) VALUES (453, 'GeForce GTX 780 Ti', 'tarjetas-graficas', 'nvidia');
INSERT INTO CATEGORIES (UNIQUE_NAME, DISPLAY_NAME, PARENT_CATEGORY) VALUES ('ram', 'RAM', 'accesorios-para-ordenadores');
INSERT INTO MODELS (ID, DISPLAY_NAME, CATEGORY, BRAND) VALUES (454, 'Vengeance LPX 16GB (2 x 8GB) DDR4-3200', 'ram', 'corsair');
INSERT INTO MODELS (ID, DISPLAY_NAME, CATEGORY, BRAND) VALUES (455, 'Ripjaws V 16GB (2 x 8GB) DDR4-3600', 'ram', 'g.skill');
INSERT INTO MODELS (ID, DISPLAY_NAME, CATEGORY, BRAND) VALUES (456, 'HyperX Fury 16GB (2 x 8GB) DDR4-3200', 'ram', 'kingston');
INSERT INTO MODELS (ID, DISPLAY_NAME, CATEGORY, BRAND) VALUES (457, 'Vengeance RGB Pro 32GB (2 x 16GB) DDR4-3600', 'ram', 'corsair');
INSERT INTO MODELS (ID, DISPLAY_NAME, CATEGORY, BRAND) VALUES (458, 'Ballistix 16GB (2 x 8GB) DDR4-3200', 'ram', 'crucial');
INSERT INTO MODELS (ID, DISPLAY_NAME, CATEGORY, BRAND) VALUES (459, 'XPG GAMMIX D30 16GB (2 x 8GB) DDR4-3000', 'ram', 'adata');
INSERT INTO MODELS (ID, DISPLAY_NAME, CATEGORY, BRAND) VALUES (460, 'Trident Z Neo 32GB (2 x 16GB) DDR4-3600', 'ram', 'g.skill');
INSERT INTO MODELS (ID, DISPLAY_NAME, CATEGORY, BRAND) VALUES (461, 'Vengeance LPX 8GB (2 x 4GB) DDR4-2666', 'ram', 'corsair');
INSERT INTO MODELS (ID, DISPLAY_NAME, CATEGORY, BRAND) VALUES (462, 'Predator 32GB (2 x 16GB) DDR4-3200', 'ram', 'hyperx');
INSERT INTO MODELS (ID, DISPLAY_NAME, CATEGORY, BRAND) VALUES (463, 'T-Force Vulcan Z 16GB (2 x 8GB) DDR4-3200', 'ram', 'teamgroup');
INSERT INTO MODELS (ID, DISPLAY_NAME, CATEGORY, BRAND) VALUES (464, 'Dominator Platinum RGB 32GB (2 x 16GB) DDR4-3200', 'ram', 'corsair');
INSERT INTO MODELS (ID, DISPLAY_NAME, CATEGORY, BRAND) VALUES (465, 'Trident Z Royal 32GB (2 x 16GB) DDR4-3600', 'ram', 'g.skill');
INSERT INTO MODELS (ID, DISPLAY_NAME, CATEGORY, BRAND) VALUES (466, 'Viper 4 16GB (2 x 8GB) DDR4-3000', 'ram', 'patriot');
INSERT INTO MODELS (ID, DISPLAY_NAME, CATEGORY, BRAND) VALUES (467, 'Sport LT 8GB (2 x 4GB) DDR4-2666', 'ram', 'crucial');
INSERT INTO MODELS (ID, DISPLAY_NAME, CATEGORY, BRAND) VALUES (468, 'Vengeance LPX 64GB (4 x 16GB) DDR4-2666', 'ram', 'corsair');
INSERT INTO MODELS (ID, DISPLAY_NAME, CATEGORY, BRAND) VALUES (469, 'Fury Beast 16GB (2 x 8GB) DDR4-3200', 'ram', 'kingston');
INSERT INTO MODELS (ID, DISPLAY_NAME, CATEGORY, BRAND) VALUES (470, 'Vengeance RGB Pro SL 16GB (2 x 8GB) DDR4-3600', 'ram', 'corsair');
INSERT INTO MODELS (ID, DISPLAY_NAME, CATEGORY, BRAND) VALUES (471, 'Ripjaws 32GB (2 x 16GB) DDR4-3200', 'ram', 'g.skill');
INSERT INTO MODELS (ID, DISPLAY_NAME, CATEGORY, BRAND) VALUES (472, 'HyperX Impact 16GB (2 x 8GB) DDR4-2400', 'ram', 'kingston');
INSERT INTO MODELS (ID, DISPLAY_NAME, CATEGORY, BRAND) VALUES (473, 'Vengeance LPX 8GB (1 x 8GB) DDR4-3000', 'ram', 'corsair');
INSERT INTO MODELS (ID, DISPLAY_NAME, CATEGORY, BRAND) VALUES (474, 'Ballistix Elite 16GB (2 x 8GB) DDR4-3600', 'ram', 'crucial');
INSERT INTO MODELS (ID, DISPLAY_NAME, CATEGORY, BRAND) VALUES (475, 'T-Force Dark Za 16GB (2 x 8GB) DDR4-3200', 'ram', 'teamgroup');
INSERT INTO MODELS (ID, DISPLAY_NAME, CATEGORY, BRAND) VALUES (476, 'Vengeance LPX 32GB (2 x 16GB) DDR4-2933', 'ram', 'corsair');
INSERT INTO MODELS (ID, DISPLAY_NAME, CATEGORY, BRAND) VALUES (477, 'Ripjaws V 32GB (2 x 16GB) DDR4-3000', 'ram', 'g.skill');
INSERT INTO MODELS (ID, DISPLAY_NAME, CATEGORY, BRAND) VALUES (478, 'XPG Spectrix D41 16GB (2 x 8GB) DDR4-3600', 'ram', 'adata');
INSERT INTO MODELS (ID, DISPLAY_NAME, CATEGORY, BRAND) VALUES (479, 'Vengeance LPX 64GB (2 x 32GB) DDR4-3200', 'ram', 'corsair');
INSERT INTO CATEGORIES (UNIQUE_NAME, DISPLAY_NAME, PARENT_CATEGORY) VALUES ('ordenadores-de-torre', 'Ordenadores de torre', 'ordenadores-y-accesorios');
INSERT INTO MODELS (ID, DISPLAY_NAME, CATEGORY, BRAND) VALUES (480, 'Omen 40L', 'ordenadores-de-torre', 'hp');
INSERT INTO MODELS (ID, DISPLAY_NAME, CATEGORY, BRAND) VALUES (481, 'Alienware Aurora R13', 'ordenadores-de-torre', 'dell');
INSERT INTO MODELS (ID, DISPLAY_NAME, CATEGORY, BRAND) VALUES (482, 'Vengeance i7200', 'ordenadores-de-torre', 'corsair');
INSERT INTO MODELS (ID, DISPLAY_NAME, CATEGORY, BRAND) VALUES (483, 'Aegis RS', 'ordenadores-de-torre', 'msi');
INSERT INTO MODELS (ID, DISPLAY_NAME, CATEGORY, BRAND) VALUES (484, 'Predator Orion 5000', 'ordenadores-de-torre', 'acer');
INSERT INTO MODELS (ID, DISPLAY_NAME, CATEGORY, BRAND) VALUES (485, 'Legion T5', 'ordenadores-de-torre', 'lenovo');
INSERT INTO MODELS (ID, DISPLAY_NAME, CATEGORY, BRAND) VALUES (486, 'Gamer Xtreme VR', 'ordenadores-de-torre', 'cyberpowerpc');
INSERT INTO MODELS (ID, DISPLAY_NAME, CATEGORY, BRAND) VALUES (487, 'Pavilion TG01', 'ordenadores-de-torre', 'hp');
INSERT INTO MODELS (ID, DISPLAY_NAME, CATEGORY, BRAND) VALUES (488, 'Level 20 GT', 'ordenadores-de-torre', 'thermaltake');
INSERT INTO MODELS (ID, DISPLAY_NAME, CATEGORY, BRAND) VALUES (489, 'MasterBox Q300L', 'ordenadores-de-torre', 'cooler-master');
INSERT INTO CATEGORIES (UNIQUE_NAME, DISPLAY_NAME, PARENT_CATEGORY) VALUES ('ordenadores-portatiles', 'Ordenadores portátiles', 'ordenadores-y-accesorios');
INSERT INTO MODELS (ID, DISPLAY_NAME, CATEGORY, BRAND) VALUES (490, 'MacBook Pro 16" M2', 'ordenadores-portatiles', 'apple');
INSERT INTO MODELS (ID, DISPLAY_NAME, CATEGORY, BRAND) VALUES (491, 'MacBook Air M2', 'ordenadores-portatiles', 'apple');
INSERT INTO MODELS (ID, DISPLAY_NAME, CATEGORY, BRAND) VALUES (492, 'XPS 13', 'ordenadores-portatiles', 'dell');
INSERT INTO MODELS (ID, DISPLAY_NAME, CATEGORY, BRAND) VALUES (493, 'Spectre x360 14', 'ordenadores-portatiles', 'hp');
INSERT INTO MODELS (ID, DISPLAY_NAME, CATEGORY, BRAND) VALUES (494, 'ThinkPad X1 Carbon Gen 10', 'ordenadores-portatiles', 'lenovo');
INSERT INTO MODELS (ID, DISPLAY_NAME, CATEGORY, BRAND) VALUES (495, 'ZenBook 14', 'ordenadores-portatiles', 'asus');
INSERT INTO MODELS (ID, DISPLAY_NAME, CATEGORY, BRAND) VALUES (496, 'Predator Helios 300', 'ordenadores-portatiles', 'acer');
INSERT INTO MODELS (ID, DISPLAY_NAME, CATEGORY, BRAND) VALUES (497, 'GF63 Thin', 'ordenadores-portatiles', 'msi');
INSERT INTO MODELS (ID, DISPLAY_NAME, CATEGORY, BRAND) VALUES (498, 'Blade 15 Advanced', 'ordenadores-portatiles', 'razer');
INSERT INTO MODELS (ID, DISPLAY_NAME, CATEGORY, BRAND) VALUES (499, 'Surface Laptop 5', 'ordenadores-portatiles', 'microsoft');
INSERT INTO CATEGORIES (UNIQUE_NAME, DISPLAY_NAME, PARENT_CATEGORY) VALUES ('minipcs', 'MiniPCs', 'ordenadores-y-accesorios');
INSERT INTO MODELS (ID, DISPLAY_NAME, CATEGORY, BRAND) VALUES (500, 'NUC 11 Performance', 'minipcs', 'intel');
INSERT INTO MODELS (ID, DISPLAY_NAME, CATEGORY, BRAND) VALUES (501, 'NUC 10 Extreme', 'minipcs', 'intel');
INSERT INTO MODELS (ID, DISPLAY_NAME, CATEGORY, BRAND) VALUES (502, 'PN50 Mini PC', 'minipcs', 'asus');
INSERT INTO MODELS (ID, DISPLAY_NAME, CATEGORY, BRAND) VALUES (503, 'Brix Pro', 'minipcs', 'gigabyte');
INSERT INTO MODELS (ID, DISPLAY_NAME, CATEGORY, BRAND) VALUES (504, 'GT King', 'minipcs', 'beelink');
INSERT INTO MODELS (ID, DISPLAY_NAME, CATEGORY, BRAND) VALUES (505, 'GT King Pro', 'minipcs', 'beelink');
INSERT INTO MODELS (ID, DISPLAY_NAME, CATEGORY, BRAND) VALUES (506, 'U59', 'minipcs', 'beelink');
INSERT INTO MODELS (ID, DISPLAY_NAME, CATEGORY, BRAND) VALUES (507, 'SER5', 'minipcs', 'beelink');
INSERT INTO MODELS (ID, DISPLAY_NAME, CATEGORY, BRAND) VALUES (508, 'U59 Pro', 'minipcs', 'beelink');
INSERT INTO MODELS (ID, DISPLAY_NAME, CATEGORY, BRAND) VALUES (509, 'T4', 'minipcs', 'beelink');
INSERT INTO MODELS (ID, DISPLAY_NAME, CATEGORY, BRAND) VALUES (510, 'L55', 'minipcs', 'beelink');
INSERT INTO MODELS (ID, DISPLAY_NAME, CATEGORY, BRAND) VALUES (511, 'EQ12', 'minipcs', 'beelink');
INSERT INTO MODELS (ID, DISPLAY_NAME, CATEGORY, BRAND) VALUES (512, 'GT-R', 'minipcs', 'beelink');
INSERT INTO MODELS (ID, DISPLAY_NAME, CATEGORY, BRAND) VALUES (513, 'GT1 Mini', 'minipcs', 'beelink');
INSERT INTO MODELS (ID, DISPLAY_NAME, CATEGORY, BRAND) VALUES (514, 'S1', 'minipcs', 'beelink');
INSERT INTO MODELS (ID, DISPLAY_NAME, CATEGORY, BRAND) VALUES (515, 'GT Mini', 'minipcs', 'beelink');
INSERT INTO MODELS (ID, DISPLAY_NAME, CATEGORY, BRAND) VALUES (516, 'GT1 Ultimate', 'minipcs', 'beelink');
INSERT INTO MODELS (ID, DISPLAY_NAME, CATEGORY, BRAND) VALUES (517, 'A1', 'minipcs', 'beelink');
INSERT INTO MODELS (ID, DISPLAY_NAME, CATEGORY, BRAND) VALUES (518, 'M1', 'minipcs', 'beelink');
INSERT INTO MODELS (ID, DISPLAY_NAME, CATEGORY, BRAND) VALUES (519, 'M2', 'minipcs', 'beelink');
INSERT INTO MODELS (ID, DISPLAY_NAME, CATEGORY, BRAND) VALUES (520, 'X45', 'minipcs', 'beelink');
INSERT INTO MODELS (ID, DISPLAY_NAME, CATEGORY, BRAND) VALUES (521, 'X55', 'minipcs', 'beelink');
INSERT INTO MODELS (ID, DISPLAY_NAME, CATEGORY, BRAND) VALUES (522, 'T5', 'minipcs', 'beelink');
INSERT INTO MODELS (ID, DISPLAY_NAME, CATEGORY, BRAND) VALUES (523, 'J45', 'minipcs', 'beelink');
INSERT INTO MODELS (ID, DISPLAY_NAME, CATEGORY, BRAND) VALUES (524, 'SEi8', 'minipcs', 'beelink');
INSERT INTO MODELS (ID, DISPLAY_NAME, CATEGORY, BRAND) VALUES (525, 'SEi10', 'minipcs', 'beelink');
INSERT INTO MODELS (ID, DISPLAY_NAME, CATEGORY, BRAND) VALUES (526, 'MP1', 'minipcs', 'beelink');
INSERT INTO MODELS (ID, DISPLAY_NAME, CATEGORY, BRAND) VALUES (527, 'P1', 'minipcs', 'beelink');
INSERT INTO MODELS (ID, DISPLAY_NAME, CATEGORY, BRAND) VALUES (528, 'P2', 'minipcs', 'beelink');
INSERT INTO MODELS (ID, DISPLAY_NAME, CATEGORY, BRAND) VALUES (529, 'P3', 'minipcs', 'beelink');
INSERT INTO MODELS (ID, DISPLAY_NAME, CATEGORY, BRAND) VALUES (530, 'S2', 'minipcs', 'beelink');
INSERT INTO MODELS (ID, DISPLAY_NAME, CATEGORY, BRAND) VALUES (531, 'R1', 'minipcs', 'beelink');
INSERT INTO MODELS (ID, DISPLAY_NAME, CATEGORY, BRAND) VALUES (532, 'V1', 'minipcs', 'beelink');
INSERT INTO MODELS (ID, DISPLAY_NAME, CATEGORY, BRAND) VALUES (533, 'V2', 'minipcs', 'beelink');
INSERT INTO MODELS (ID, DISPLAY_NAME, CATEGORY, BRAND) VALUES (534, 'N41', 'minipcs', 'beelink');
INSERT INTO MODELS (ID, DISPLAY_NAME, CATEGORY, BRAND) VALUES (535, 'N42', 'minipcs', 'beelink');
INSERT INTO MODELS (ID, DISPLAY_NAME, CATEGORY, BRAND) VALUES (536, 'N43', 'minipcs', 'beelink');
INSERT INTO MODELS (ID, DISPLAY_NAME, CATEGORY, BRAND) VALUES (537, 'N44', 'minipcs', 'beelink');
INSERT INTO MODELS (ID, DISPLAY_NAME, CATEGORY, BRAND) VALUES (538, 'N45', 'minipcs', 'beelink');
INSERT INTO MODELS (ID, DISPLAY_NAME, CATEGORY, BRAND) VALUES (539, 'N46', 'minipcs', 'beelink');
INSERT INTO MODELS (ID, DISPLAY_NAME, CATEGORY, BRAND) VALUES (540, 'ThinkCentre M90n-1', 'minipcs', 'lenovo');
INSERT INTO MODELS (ID, DISPLAY_NAME, CATEGORY, BRAND) VALUES (541, 'ZBOX CI660 nano', 'minipcs', 'zotac');
INSERT INTO MODELS (ID, DISPLAY_NAME, CATEGORY, BRAND) VALUES (542, 'EliteMini X400', 'minipcs', 'minisforum');
INSERT INTO MODELS (ID, DISPLAY_NAME, CATEGORY, BRAND) VALUES (543, '4 Model B', 'minipcs', 'raspberry-pi');
INSERT INTO MODELS (ID, DISPLAY_NAME, CATEGORY, BRAND) VALUES (544, 'Elite Slice', 'minipcs', 'hp');
INSERT INTO MODELS (ID, DISPLAY_NAME, CATEGORY, BRAND) VALUES (545, 'BeeBox N3000', 'minipcs', 'asrock');
INSERT INTO MODELS (ID, DISPLAY_NAME, CATEGORY, BRAND) VALUES (546, 'NUC 9 Extreme', 'minipcs', 'intel');
INSERT INTO MODELS (ID, DISPLAY_NAME, CATEGORY, BRAND) VALUES (547, 'Cubi 5', 'minipcs', 'msi');
INSERT INTO MODELS (ID, DISPLAY_NAME, CATEGORY, BRAND) VALUES (548, 'OptiPlex 7070 Ultra', 'minipcs', 'dell');
INSERT INTO MODELS (ID, DISPLAY_NAME, CATEGORY, BRAND) VALUES (549, 'HiBox Mini PC', 'minipcs', 'chuwi');
INSERT INTO MODELS (ID, DISPLAY_NAME, CATEGORY, BRAND) VALUES (550, 'T11 Mini PC', 'minipcs', 'acepc');
INSERT INTO MODELS (ID, DISPLAY_NAME, CATEGORY, BRAND) VALUES (551, 'Mini PC Windows 10', 'minipcs', 'awow');
INSERT INTO MODELS (ID, DISPLAY_NAME, CATEGORY, BRAND) VALUES (552, 'Mini PC', 'minipcs', 't9');
INSERT INTO MODELS (ID, DISPLAY_NAME, CATEGORY, BRAND) VALUES (553, 'PCG02 Fanless Mini PC', 'minipcs', 'mele');
INSERT INTO MODELS (ID, DISPLAY_NAME, CATEGORY, BRAND) VALUES (554, 'Revo One RL85', 'minipcs', 'acer');
INSERT INTO MODELS (ID, DISPLAY_NAME, CATEGORY, BRAND) VALUES (555, 'UM700', 'minipcs', 'minisforum');
INSERT INTO MODELS (ID, DISPLAY_NAME, CATEGORY, BRAND) VALUES (556, '400', 'minipcs', 'raspberry-pi');
INSERT INTO MODELS (ID, DISPLAY_NAME, CATEGORY, BRAND) VALUES (557, 'GB-BRR7H-8550', 'minipcs', 'brix');
INSERT INTO MODELS (ID, DISPLAY_NAME, CATEGORY, BRAND) VALUES (558, 'NUC 8 Home', 'minipcs', 'intel');
INSERT INTO MODELS (ID, DISPLAY_NAME, CATEGORY, BRAND) VALUES (559, 'ThinkCentre M75q-1', 'minipcs', 'lenovo');
INSERT INTO MODELS (ID, DISPLAY_NAME, CATEGORY, BRAND) VALUES (560, 'Elitedesk 705 G4', 'minipcs', 'hp');
INSERT INTO MODELS (ID, DISPLAY_NAME, CATEGORY, BRAND) VALUES (561, 'Chromebox 4', 'minipcs', 'asus');
INSERT INTO MODELS (ID, DISPLAY_NAME, CATEGORY, BRAND) VALUES (562, 'ZBOX MI640', 'minipcs', 'gigabyte');
INSERT INTO MODELS (ID, DISPLAY_NAME, CATEGORY, BRAND) VALUES (563, 'U59', 'minipcs', 'beelink');
INSERT INTO MODELS (ID, DISPLAY_NAME, CATEGORY, BRAND) VALUES (564, 'UM350', 'minipcs', 'minisforum');
INSERT INTO MODELS (ID, DISPLAY_NAME, CATEGORY, BRAND) VALUES (565, 'ZBOX CI660', 'minipcs', 'zotac');
INSERT INTO MODELS (ID, DISPLAY_NAME, CATEGORY, BRAND) VALUES (566, 'LarkBox Pro', 'minipcs', 'chuwi');
INSERT INTO MODELS (ID, DISPLAY_NAME, CATEGORY, BRAND) VALUES (567, '3 B+', 'minipcs', 'raspberry-pi');
INSERT INTO MODELS (ID, DISPLAY_NAME, CATEGORY, BRAND) VALUES (568, 'Win 3 Mini PC', 'minipcs', 'gpd');
INSERT INTO MODELS (ID, DISPLAY_NAME, CATEGORY, BRAND) VALUES (569, 'Cubig Mini PC', 'minipcs', 'msi');
INSERT INTO MODELS (ID, DISPLAY_NAME, CATEGORY, BRAND) VALUES (570, 'DeskMini 110', 'minipcs', 'asrock');
INSERT INTO MODELS (ID, DISPLAY_NAME, CATEGORY, BRAND) VALUES (571, 'ZBOX CI340 Nano', 'minipcs', 'zotac');
INSERT INTO MODELS (ID, DISPLAY_NAME, CATEGORY, BRAND) VALUES (572, 'NUC 7 Essential', 'minipcs', 'intel');
INSERT INTO MODELS (ID, DISPLAY_NAME, CATEGORY, BRAND) VALUES (573, 'ZBOX C Series', 'minipcs', 'gigabyte');
INSERT INTO MODELS (ID, DISPLAY_NAME, CATEGORY, BRAND) VALUES (574, 'Zero W', 'minipcs', 'raspberry-pi');
INSERT INTO MODELS (ID, DISPLAY_NAME, CATEGORY, BRAND) VALUES (575, 'T4 Mini PC', 'minipcs', 'beelink');
INSERT INTO MODELS (ID, DISPLAY_NAME, CATEGORY, BRAND) VALUES (576, 'PC Intel Core i5 10th Gen', 'minipcs', 'mini');
INSERT INTO MODELS (ID, DISPLAY_NAME, CATEGORY, BRAND) VALUES (577, 'HC4', 'minipcs', 'odroid');
INSERT INTO MODELS (ID, DISPLAY_NAME, CATEGORY, BRAND) VALUES (578, 'Pocket 2', 'minipcs', 'gpd');
INSERT INTO MODELS (ID, DISPLAY_NAME, CATEGORY, BRAND) VALUES (579, 'X9 Mini PC', 'minipcs', 'pipo');
INSERT INTO MODELS (ID, DISPLAY_NAME, CATEGORY, BRAND) VALUES (580, 'RG351MP', 'minipcs', 'anbernic');
INSERT INTO CATEGORIES (UNIQUE_NAME, DISPLAY_NAME, PARENT_CATEGORY) VALUES ('redes-y-almacenamiento-nas', 'Redes y almacenamiento NAS', 'electronica');
INSERT INTO CATEGORIES (UNIQUE_NAME, DISPLAY_NAME, PARENT_CATEGORY) VALUES ('dispositivos-nas', 'Dispositivos NAS', 'redes-y-almacenamiento-nas');
INSERT INTO MODELS (ID, DISPLAY_NAME, CATEGORY, BRAND) VALUES (581, 'NAS DS920+', 'dispositivos-nas', 'synology');
INSERT INTO MODELS (ID, DISPLAY_NAME, CATEGORY, BRAND) VALUES (582, 'NAS DS220+', 'dispositivos-nas', 'synology');
INSERT INTO MODELS (ID, DISPLAY_NAME, CATEGORY, BRAND) VALUES (583, 'NAS DS218+', 'dispositivos-nas', 'synology');
INSERT INTO MODELS (ID, DISPLAY_NAME, CATEGORY, BRAND) VALUES (584, 'NAS QNAP TS-453D', 'dispositivos-nas', 'qnap');
INSERT INTO MODELS (ID, DISPLAY_NAME, CATEGORY, BRAND) VALUES (585, 'NAS QNAP TS-251D', 'dispositivos-nas', 'qnap');
INSERT INTO MODELS (ID, DISPLAY_NAME, CATEGORY, BRAND) VALUES (586, 'NAS QNAP TS-873A', 'dispositivos-nas', 'qnap');
INSERT INTO MODELS (ID, DISPLAY_NAME, CATEGORY, BRAND) VALUES (587, 'NAS WD My Cloud EX2 Ultra', 'dispositivos-nas', 'western-digital');
INSERT INTO MODELS (ID, DISPLAY_NAME, CATEGORY, BRAND) VALUES (588, 'NAS WD My Cloud PR4100', 'dispositivos-nas', 'western-digital');
INSERT INTO MODELS (ID, DISPLAY_NAME, CATEGORY, BRAND) VALUES (589, 'NAS AS5304T', 'dispositivos-nas', 'asustor');
INSERT INTO MODELS (ID, DISPLAY_NAME, CATEGORY, BRAND) VALUES (590, 'NAS AS1002T', 'dispositivos-nas', 'asustor');
INSERT INTO MODELS (ID, DISPLAY_NAME, CATEGORY, BRAND) VALUES (591, 'NAS F4-210', 'dispositivos-nas', 'terramaster');
INSERT INTO MODELS (ID, DISPLAY_NAME, CATEGORY, BRAND) VALUES (592, 'NAS F2-221', 'dispositivos-nas', 'terramaster');
INSERT INTO MODELS (ID, DISPLAY_NAME, CATEGORY, BRAND) VALUES (593, 'NAS TeraStation 3410DN', 'dispositivos-nas', 'buffalo');
INSERT INTO MODELS (ID, DISPLAY_NAME, CATEGORY, BRAND) VALUES (594, 'NAS LinkStation 220', 'dispositivos-nas', 'buffalo');
INSERT INTO CATEGORIES (UNIQUE_NAME, DISPLAY_NAME, PARENT_CATEGORY) VALUES ('enrutadores', 'Enrutadores', 'redes-y-almacenamiento-nas');
INSERT INTO MODELS (ID, DISPLAY_NAME, CATEGORY, BRAND) VALUES (595, 'Archer AX6000', 'enrutadores', 'tp-link');
INSERT INTO MODELS (ID, DISPLAY_NAME, CATEGORY, BRAND) VALUES (596, 'RT-AX88U', 'enrutadores', 'asus');
INSERT INTO MODELS (ID, DISPLAY_NAME, CATEGORY, BRAND) VALUES (597, 'Nighthawk AX12', 'enrutadores', 'netgear');
INSERT INTO MODELS (ID, DISPLAY_NAME, CATEGORY, BRAND) VALUES (598, 'Velop AC6600', 'enrutadores', 'linksys');
INSERT INTO MODELS (ID, DISPLAY_NAME, CATEGORY, BRAND) VALUES (599, 'DIR-882', 'enrutadores', 'd-link');
INSERT INTO MODELS (ID, DISPLAY_NAME, CATEGORY, BRAND) VALUES (600, 'Archer C7', 'enrutadores', 'tp-link');
INSERT INTO MODELS (ID, DISPLAY_NAME, CATEGORY, BRAND) VALUES (601, 'RT-AC68U', 'enrutadores', 'asus');
INSERT INTO MODELS (ID, DISPLAY_NAME, CATEGORY, BRAND) VALUES (602, 'Nighthawk R7000', 'enrutadores', 'netgear');
INSERT INTO MODELS (ID, DISPLAY_NAME, CATEGORY, BRAND) VALUES (603, 'Archer AX73', 'enrutadores', 'tp-link');
INSERT INTO MODELS (ID, DISPLAY_NAME, CATEGORY, BRAND) VALUES (604, 'EA9500', 'enrutadores', 'linksys');
INSERT INTO MODELS (ID, DISPLAY_NAME, CATEGORY, BRAND) VALUES (605, 'Deco X60', 'enrutadores', 'tp-link');
INSERT INTO MODELS (ID, DISPLAY_NAME, CATEGORY, BRAND) VALUES (606, 'RT-AX86U', 'enrutadores', 'asus');
INSERT INTO MODELS (ID, DISPLAY_NAME, CATEGORY, BRAND) VALUES (607, 'Archer A7', 'enrutadores', 'tp-link');
INSERT INTO MODELS (ID, DISPLAY_NAME, CATEGORY, BRAND) VALUES (608, 'AC23', 'enrutadores', 'tenda');
INSERT INTO MODELS (ID, DISPLAY_NAME, CATEGORY, BRAND) VALUES (609, 'Orbi RBK852', 'enrutadores', 'netgear');
INSERT INTO MODELS (ID, DISPLAY_NAME, CATEGORY, BRAND) VALUES (610, 'DIR-3060', 'enrutadores', 'd-link');
INSERT INTO MODELS (ID, DISPLAY_NAME, CATEGORY, BRAND) VALUES (611, 'ZenWiFi AX XT8', 'enrutadores', 'asus');
INSERT INTO MODELS (ID, DISPLAY_NAME, CATEGORY, BRAND) VALUES (612, 'Nighthawk AX8', 'enrutadores', 'netgear');
INSERT INTO MODELS (ID, DISPLAY_NAME, CATEGORY, BRAND) VALUES (613, 'Archer C1200', 'enrutadores', 'tp-link');
INSERT INTO MODELS (ID, DISPLAY_NAME, CATEGORY, BRAND) VALUES (614, 'WRT3200ACM', 'enrutadores', 'linksys');
INSERT INTO MODELS (ID, DISPLAY_NAME, CATEGORY, BRAND) VALUES (615, 'Mi AIoT Router AX3600', 'enrutadores', 'xiaomi');
INSERT INTO MODELS (ID, DISPLAY_NAME, CATEGORY, BRAND) VALUES (616, 'Archer AX10', 'enrutadores', 'tp-link');
INSERT INTO MODELS (ID, DISPLAY_NAME, CATEGORY, BRAND) VALUES (617, 'Orbi RBK50', 'enrutadores', 'netgear');
INSERT INTO MODELS (ID, DISPLAY_NAME, CATEGORY, BRAND) VALUES (618, 'AC2000', 'enrutadores', 'd-link');
INSERT INTO MODELS (ID, DISPLAY_NAME, CATEGORY, BRAND) VALUES (619, 'GT-AX11000', 'enrutadores', 'asus');
INSERT INTO MODELS (ID, DISPLAY_NAME, CATEGORY, BRAND) VALUES (620, 'Archer VR900', 'enrutadores', 'tp-link');
INSERT INTO MODELS (ID, DISPLAY_NAME, CATEGORY, BRAND) VALUES (621, 'Orbi RBK13', 'enrutadores', 'netgear');
INSERT INTO MODELS (ID, DISPLAY_NAME, CATEGORY, BRAND) VALUES (622, 'Velop AC2200', 'enrutadores', 'linksys');
INSERT INTO MODELS (ID, DISPLAY_NAME, CATEGORY, BRAND) VALUES (623, 'AC8', 'enrutadores', 'tenda');
INSERT INTO MODELS (ID, DISPLAY_NAME, CATEGORY, BRAND) VALUES (624, 'RT-AC86U', 'enrutadores', 'asus');
INSERT INTO MODELS (ID, DISPLAY_NAME, CATEGORY, BRAND) VALUES (625, 'Archer AX21', 'enrutadores', 'tp-link');
INSERT INTO MODELS (ID, DISPLAY_NAME, CATEGORY, BRAND) VALUES (626, 'NBG6716', 'enrutadores', 'zyxel');
INSERT INTO MODELS (ID, DISPLAY_NAME, CATEGORY, BRAND) VALUES (627, 'UniFi Dream Machine', 'enrutadores', 'ubiquiti');
INSERT INTO MODELS (ID, DISPLAY_NAME, CATEGORY, BRAND) VALUES (628, 'Deco M5', 'enrutadores', 'tp-link');
INSERT INTO MODELS (ID, DISPLAY_NAME, CATEGORY, BRAND) VALUES (629, 'Orbi RBK753', 'enrutadores', 'netgear');
INSERT INTO MODELS (ID, DISPLAY_NAME, CATEGORY, BRAND) VALUES (630, 'Max-Stream AC2200', 'enrutadores', 'linksys');
INSERT INTO MODELS (ID, DISPLAY_NAME, CATEGORY, BRAND) VALUES (631, 'MW6', 'enrutadores', 'tenda');
INSERT INTO MODELS (ID, DISPLAY_NAME, CATEGORY, BRAND) VALUES (632, 'RT-AC5300', 'enrutadores', 'asus');
INSERT INTO MODELS (ID, DISPLAY_NAME, CATEGORY, BRAND) VALUES (633, 'Mi Router 4A', 'enrutadores', 'xiaomi');
INSERT INTO MODELS (ID, DISPLAY_NAME, CATEGORY, BRAND) VALUES (634, 'Archer C9', 'enrutadores', 'tp-link');
INSERT INTO MODELS (ID, DISPLAY_NAME, CATEGORY, BRAND) VALUES (635, 'Nighthawk X6', 'enrutadores', 'netgear');
INSERT INTO MODELS (ID, DISPLAY_NAME, CATEGORY, BRAND) VALUES (636, 'DIR-1960', 'enrutadores', 'd-link');
INSERT INTO CATEGORIES (UNIQUE_NAME, DISPLAY_NAME, PARENT_CATEGORY) VALUES ('tecnologia-portatil', 'Tecnología portátil', 'electronica');
INSERT INTO CATEGORIES (UNIQUE_NAME, DISPLAY_NAME, PARENT_CATEGORY) VALUES ('gafas-de-realidad-aumentada', 'Gafas de realidad aumentada', 'tecnologia-portatil');
INSERT INTO MODELS (ID, DISPLAY_NAME, CATEGORY, BRAND) VALUES (637, 'HoloLens', 'gafas-de-realidad-aumentada', 'microsoft');
INSERT INTO MODELS (ID, DISPLAY_NAME, CATEGORY, BRAND) VALUES (638, 'One AR Headset', 'gafas-de-realidad-aumentada', 'magic-leap');
INSERT INTO MODELS (ID, DISPLAY_NAME, CATEGORY, BRAND) VALUES (639, 'Light AR Glasses', 'gafas-de-realidad-aumentada', 'nreal');
INSERT INTO MODELS (ID, DISPLAY_NAME, CATEGORY, BRAND) VALUES (640, 'M4000 AR Glasses', 'gafas-de-realidad-aumentada', 'vuzix');
INSERT INTO MODELS (ID, DISPLAY_NAME, CATEGORY, BRAND) VALUES (641, 'Moverio', 'gafas-de-realidad-aumentada', 'epson');
INSERT INTO MODELS (ID, DISPLAY_NAME, CATEGORY, BRAND) VALUES (642, 'ThinkReality', 'gafas-de-realidad-aumentada', 'lenovo');
INSERT INTO MODELS (ID, DISPLAY_NAME, CATEGORY, BRAND) VALUES (643, 'Glass Enterprise Edition', 'gafas-de-realidad-aumentada', 'google');
INSERT INTO MODELS (ID, DISPLAY_NAME, CATEGORY, BRAND) VALUES (644, 'AR Smart Glasses', 'gafas-de-realidad-aumentada', 'raey');
INSERT INTO MODELS (ID, DISPLAY_NAME, CATEGORY, BRAND) VALUES (645, 'AR Glasses', 'gafas-de-realidad-aumentada', 'blippar');
INSERT INTO MODELS (ID, DISPLAY_NAME, CATEGORY, BRAND) VALUES (646, 'Mi Air Glass', 'gafas-de-realidad-aumentada', 'xiaomi');
INSERT INTO CATEGORIES (UNIQUE_NAME, DISPLAY_NAME, PARENT_CATEGORY) VALUES ('gafas-de-realidad-virtual', 'Gafas de realidad virtual', 'tecnologia-portatil');
INSERT INTO MODELS (ID, DISPLAY_NAME, CATEGORY, BRAND) VALUES (647, 'Quest', 'gafas-de-realidad-virtual', 'oculus');
INSERT INTO MODELS (ID, DISPLAY_NAME, CATEGORY, BRAND) VALUES (648, 'Vive Pro', 'gafas-de-realidad-virtual', 'htc');
INSERT INTO MODELS (ID, DISPLAY_NAME, CATEGORY, BRAND) VALUES (649, 'PlayStation VR', 'gafas-de-realidad-virtual', 'sony');
INSERT INTO MODELS (ID, DISPLAY_NAME, CATEGORY, BRAND) VALUES (650, 'Index VR Headset', 'gafas-de-realidad-virtual', 'valve');
INSERT INTO MODELS (ID, DISPLAY_NAME, CATEGORY, BRAND) VALUES (651, 'Odyssey+ VR Headset', 'gafas-de-realidad-virtual', 'samsung');
INSERT INTO MODELS (ID, DISPLAY_NAME, CATEGORY, BRAND) VALUES (652, '8K X VR Headset', 'gafas-de-realidad-virtual', 'pimax');
INSERT INTO MODELS (ID, DISPLAY_NAME, CATEGORY, BRAND) VALUES (653, 'Reverb G2 VR Headset', 'gafas-de-realidad-virtual', 'hp');
INSERT INTO MODELS (ID, DISPLAY_NAME, CATEGORY, BRAND) VALUES (654, 'Rift S VR Headset', 'gafas-de-realidad-virtual', 'oculus');
INSERT INTO MODELS (ID, DISPLAY_NAME, CATEGORY, BRAND) VALUES (655, 'Mixed Reality Headset', 'gafas-de-realidad-virtual', 'microsoft');
INSERT INTO MODELS (ID, DISPLAY_NAME, CATEGORY, BRAND) VALUES (656, 'VR Headset', 'gafas-de-realidad-virtual', 'varjo');
INSERT INTO CATEGORIES (UNIQUE_NAME, DISPLAY_NAME, PARENT_CATEGORY) VALUES ('pulseras-de-actividad', 'Pulseras de actividad', 'tecnologia-portatil');
INSERT INTO MODELS (ID, DISPLAY_NAME, CATEGORY, BRAND) VALUES (657, 'Mi Band', 'pulseras-de-actividad', 'xiaomi');
INSERT INTO MODELS (ID, DISPLAY_NAME, CATEGORY, BRAND) VALUES (658, 'Charge', 'pulseras-de-actividad', 'fitbit');
INSERT INTO MODELS (ID, DISPLAY_NAME, CATEGORY, BRAND) VALUES (659, 'Vivosmart', 'pulseras-de-actividad', 'garmin');
INSERT INTO MODELS (ID, DISPLAY_NAME, CATEGORY, BRAND) VALUES (660, 'Galaxy Fit', 'pulseras-de-actividad', 'samsung');
INSERT INTO MODELS (ID, DISPLAY_NAME, CATEGORY, BRAND) VALUES (661, 'Band', 'pulseras-de-actividad', 'huawei');
INSERT INTO MODELS (ID, DISPLAY_NAME, CATEGORY, BRAND) VALUES (662, 'Band', 'pulseras-de-actividad', 'honor');
INSERT INTO MODELS (ID, DISPLAY_NAME, CATEGORY, BRAND) VALUES (663, 'Band', 'pulseras-de-actividad', 'amazfit');
INSERT INTO MODELS (ID, DISPLAY_NAME, CATEGORY, BRAND) VALUES (664, 'GTS', 'pulseras-de-actividad', 'amazfit');
INSERT INTO MODELS (ID, DISPLAY_NAME, CATEGORY, BRAND) VALUES (665, 'Band', 'pulseras-de-actividad', 'amazfit');
INSERT INTO MODELS (ID, DISPLAY_NAME, CATEGORY, BRAND) VALUES (666, 'Band', 'pulseras-de-actividad', 'realme');
INSERT INTO MODELS (ID, DISPLAY_NAME, CATEGORY, BRAND) VALUES (667, 'Steel HR Sport', 'pulseras-de-actividad', 'withings');
INSERT INTO CATEGORIES (UNIQUE_NAME, DISPLAY_NAME, PARENT_CATEGORY) VALUES ('relojes-inteligentes', 'Relojes inteligentes', 'tecnologia-portatil');
INSERT INTO MODELS (ID, DISPLAY_NAME, CATEGORY, BRAND) VALUES (668, 'Vantage', 'relojes-inteligentes', 'polar');
INSERT INTO MODELS (ID, DISPLAY_NAME, CATEGORY, BRAND) VALUES (669, 'Baro', 'relojes-inteligentes', 'suunto');
INSERT INTO MODELS (ID, DISPLAY_NAME, CATEGORY, BRAND) VALUES (670, 'Versa', 'relojes-inteligentes', 'fitbit');
INSERT INTO MODELS (ID, DISPLAY_NAME, CATEGORY, BRAND) VALUES (671, 'Watch', 'relojes-inteligentes', 'apple');
INSERT INTO MODELS (ID, DISPLAY_NAME, CATEGORY, BRAND) VALUES (672, 'GTR', 'relojes-inteligentes', 'amazfit');
INSERT INTO MODELS (ID, DISPLAY_NAME, CATEGORY, BRAND) VALUES (673, 'Watch', 'relojes-inteligentes', 'huawei');
INSERT INTO MODELS (ID, DISPLAY_NAME, CATEGORY, BRAND) VALUES (674, 'Forerunner', 'relojes-inteligentes', 'garmin');
INSERT INTO MODELS (ID, DISPLAY_NAME, CATEGORY, BRAND) VALUES (675, 'Venu', 'relojes-inteligentes', 'garmin');
INSERT INTO MODELS (ID, DISPLAY_NAME, CATEGORY, BRAND) VALUES (676, 'Fenix', 'relojes-inteligentes', 'garmin');
INSERT INTO MODELS (ID, DISPLAY_NAME, CATEGORY, BRAND) VALUES (677, 'Gen', 'relojes-inteligentes', 'fossil');
INSERT INTO MODELS (ID, DISPLAY_NAME, CATEGORY, BRAND) VALUES (678, 'TicWatch', 'relojes-inteligentes', 'mobvoi');
INSERT INTO MODELS (ID, DISPLAY_NAME, CATEGORY, BRAND) VALUES (679, 'Lempod', 'relojes-inteligentes', 'lemfo');
INSERT INTO MODELS (ID, DISPLAY_NAME, CATEGORY, BRAND) VALUES (680, 'Pace', 'relojes-inteligentes', 'coros');
INSERT INTO MODELS (ID, DISPLAY_NAME, CATEGORY, BRAND) VALUES (681, 'Pro', 'relojes-inteligentes', 'ticwatch');
INSERT INTO MODELS (ID, DISPLAY_NAME, CATEGORY, BRAND) VALUES (682, 'Watch GT', 'relojes-inteligentes', 'huawei');
INSERT INTO MODELS (ID, DISPLAY_NAME, CATEGORY, BRAND) VALUES (683, 'Galaxy Watch', 'relojes-inteligentes', 'samsung');
INSERT INTO CATEGORIES (UNIQUE_NAME, DISPLAY_NAME, PARENT_CATEGORY) VALUES ('televisores-y-video', 'Televisores y Video', 'electronica');
INSERT INTO CATEGORIES (UNIQUE_NAME, DISPLAY_NAME, PARENT_CATEGORY) VALUES ('proyectores', 'Proyectores', 'televisores-y-video');
INSERT INTO CATEGORIES (UNIQUE_NAME, DISPLAY_NAME, PARENT_CATEGORY) VALUES ('pantallas-para-proyectores', 'Pantallas para proyectores', 'proyectores');
INSERT INTO MODELS (ID, DISPLAY_NAME, CATEGORY, BRAND) VALUES (684, 'Sable Frame B2', 'pantallas-para-proyectores', 'elite-screens');
INSERT INTO MODELS (ID, DISPLAY_NAME, CATEGORY, BRAND) VALUES (685, '120 Inch 16:9 Projector Screen', 'pantallas-para-proyectores', 'vivo');
INSERT INTO MODELS (ID, DISPLAY_NAME, CATEGORY, BRAND) VALUES (686, '150 Inch Fixed Frame Projector Screen', 'pantallas-para-proyectores', 'silver-ticket');
INSERT INTO MODELS (ID, DISPLAY_NAME, CATEGORY, BRAND) VALUES (687, 'Tensioned Advantage 92"', 'pantallas-para-proyectores', 'da-lite');
INSERT INTO MODELS (ID, DISPLAY_NAME, CATEGORY, BRAND) VALUES (688, 'ELPSC80 Projector Screen', 'pantallas-para-proyectores', 'epson');
INSERT INTO MODELS (ID, DISPLAY_NAME, CATEGORY, BRAND) VALUES (689, 'Zero Edge Pro 4K', 'pantallas-para-proyectores', 'screen-innovations');
INSERT INTO MODELS (ID, DISPLAY_NAME, CATEGORY, BRAND) VALUES (690, 'Vega Projector Screen 100"', 'pantallas-para-proyectores', 'xgimi');
INSERT INTO MODELS (ID, DISPLAY_NAME, CATEGORY, BRAND) VALUES (691, 'Electric Projector Screen 120"', 'pantallas-para-proyectores', 'mantis');
INSERT INTO MODELS (ID, DISPLAY_NAME, CATEGORY, BRAND) VALUES (692, 'Motorized Projector Screen 100"', 'pantallas-para-proyectores', 'vivohome');
INSERT INTO MODELS (ID, DISPLAY_NAME, CATEGORY, BRAND) VALUES (693, '120 Inch Projector Screen', 'pantallas-para-proyectores', 'auto-tension');
INSERT INTO CATEGORIES (UNIQUE_NAME, DISPLAY_NAME, PARENT_CATEGORY) VALUES ('proyectores-portatiles', 'Proyectores portátiles', 'proyectores');
INSERT INTO MODELS (ID, DISPLAY_NAME, CATEGORY, BRAND) VALUES (694, 'Nebula Capsule', 'proyectores-portatiles', 'anker');
INSERT INTO MODELS (ID, DISPLAY_NAME, CATEGORY, BRAND) VALUES (695, 'MoGo Pro', 'proyectores-portatiles', 'xgimi');
INSERT INTO MODELS (ID, DISPLAY_NAME, CATEGORY, BRAND) VALUES (696, 'M1 Mini Plus', 'proyectores-portatiles', 'viewsonic');
INSERT INTO MODELS (ID, DISPLAY_NAME, CATEGORY, BRAND) VALUES (697, 'Luma 350', 'proyectores-portatiles', 'kodak');
INSERT INTO MODELS (ID, DISPLAY_NAME, CATEGORY, BRAND) VALUES (698, 'PF50KA', 'proyectores-portatiles', 'lg');
INSERT INTO MODELS (ID, DISPLAY_NAME, CATEGORY, BRAND) VALUES (699, 'EF-100', 'proyectores-portatiles', 'epson');
INSERT INTO MODELS (ID, DISPLAY_NAME, CATEGORY, BRAND) VALUES (700, 'GS2', 'proyectores-portatiles', 'benq');
INSERT INTO MODELS (ID, DISPLAY_NAME, CATEGORY, BRAND) VALUES (701, 'P300 Pico Projector', 'proyectores-portatiles', 'aaxa');
INSERT INTO MODELS (ID, DISPLAY_NAME, CATEGORY, BRAND) VALUES (702, 'Mondo Mini Plus', 'proyectores-portatiles', 'kodak');
INSERT INTO MODELS (ID, DISPLAY_NAME, CATEGORY, BRAND) VALUES (703, 'Cube 4K Projector', 'proyectores-portatiles', 'rif6');
INSERT INTO CATEGORIES (UNIQUE_NAME, DISPLAY_NAME, PARENT_CATEGORY) VALUES ('proyectores-para-cine-en-casa', 'Proyectores para cine en casa', 'proyectores');
INSERT INTO MODELS (ID, DISPLAY_NAME, CATEGORY, BRAND) VALUES (704, 'Home Cinema', 'proyectores-para-cine-en-casa', 'epson');
INSERT INTO MODELS (ID, DISPLAY_NAME, CATEGORY, BRAND) VALUES (705, '4K', 'proyectores-para-cine-en-casa', 'benq');
INSERT INTO MODELS (ID, DISPLAY_NAME, CATEGORY, BRAND) VALUES (706, '4K', 'proyectores-para-cine-en-casa', 'viewsonic');
INSERT INTO MODELS (ID, DISPLAY_NAME, CATEGORY, BRAND) VALUES (707, 'VPL', 'proyectores-para-cine-en-casa', 'sony');
INSERT INTO MODELS (ID, DISPLAY_NAME, CATEGORY, BRAND) VALUES (708, 'HU80KA 4K', 'proyectores-para-cine-en-casa', 'lg');
INSERT INTO MODELS (ID, DISPLAY_NAME, CATEGORY, BRAND) VALUES (709, '4K Projector', 'proyectores-para-cine-en-casa', 'benq');
INSERT INTO MODELS (ID, DISPLAY_NAME, CATEGORY, BRAND) VALUES (710, 'LS500 4K', 'proyectores-para-cine-en-casa', 'epson');
INSERT INTO MODELS (ID, DISPLAY_NAME, CATEGORY, BRAND) VALUES (711, 'Nebula Cosmos Max', 'proyectores-para-cine-en-casa', 'anker');
INSERT INTO CATEGORIES (UNIQUE_NAME, DISPLAY_NAME, PARENT_CATEGORY) VALUES ('televisores', 'Televisores', 'televisores-y-video');
INSERT INTO CATEGORIES (UNIQUE_NAME, DISPLAY_NAME, PARENT_CATEGORY) VALUES ('televisores-4k', 'Televisores 4K', 'televisores');
INSERT INTO MODELS (ID, DISPLAY_NAME, CATEGORY, BRAND) VALUES (712, '4K', 'televisores-4k', 'lg');
INSERT INTO MODELS (ID, DISPLAY_NAME, CATEGORY, BRAND) VALUES (713, '4K', 'televisores-4k', 'sony');
INSERT INTO MODELS (ID, DISPLAY_NAME, CATEGORY, BRAND) VALUES (714, '4K', 'televisores-4k', 'tcl');
INSERT INTO MODELS (ID, DISPLAY_NAME, CATEGORY, BRAND) VALUES (715, '4K', 'televisores-4k', 'hisense');
INSERT INTO MODELS (ID, DISPLAY_NAME, CATEGORY, BRAND) VALUES (716, '4K', 'televisores-4k', 'samsung');
INSERT INTO MODELS (ID, DISPLAY_NAME, CATEGORY, BRAND) VALUES (717, '4K', 'televisores-4k', 'sony');
INSERT INTO MODELS (ID, DISPLAY_NAME, CATEGORY, BRAND) VALUES (718, '4K', 'televisores-4k', 'vizio');
INSERT INTO MODELS (ID, DISPLAY_NAME, CATEGORY, BRAND) VALUES (719, '4K', 'televisores-4k', 'toshiba');
INSERT INTO CATEGORIES (UNIQUE_NAME, DISPLAY_NAME, PARENT_CATEGORY) VALUES ('televisores-8k', 'Televisores 8K', 'televisores');
INSERT INTO MODELS (ID, DISPLAY_NAME, CATEGORY, BRAND) VALUES (720, '8K', 'televisores-8k', 'lg');
INSERT INTO MODELS (ID, DISPLAY_NAME, CATEGORY, BRAND) VALUES (721, 'Bravia 8K', 'televisores-8k', 'sony');
INSERT INTO MODELS (ID, DISPLAY_NAME, CATEGORY, BRAND) VALUES (722, '8K', 'televisores-8k', 'tcl');
INSERT INTO MODELS (ID, DISPLAY_NAME, CATEGORY, BRAND) VALUES (723, '8K', 'televisores-8k', 'sharp');
INSERT INTO MODELS (ID, DISPLAY_NAME, CATEGORY, BRAND) VALUES (724, '8K', 'televisores-8k', 'hisense');
INSERT INTO MODELS (ID, DISPLAY_NAME, CATEGORY, BRAND) VALUES (725, '8K', 'televisores-8k', 'vizio');
INSERT INTO MODELS (ID, DISPLAY_NAME, CATEGORY, BRAND) VALUES (726, '8K', 'televisores-8k', 'samsung');
INSERT INTO MODELS (ID, DISPLAY_NAME, CATEGORY, BRAND) VALUES (727, '8K', 'televisores-8k', 'lg');
INSERT INTO CATEGORIES (UNIQUE_NAME, DISPLAY_NAME, PARENT_CATEGORY) VALUES ('televisores-led', 'Televisores LED', 'televisores');
INSERT INTO MODELS (ID, DISPLAY_NAME, CATEGORY, BRAND) VALUES (728, 'LED UHD', 'televisores-led', 'samsung');
INSERT INTO MODELS (ID, DISPLAY_NAME, CATEGORY, BRAND) VALUES (729, 'LED UHD', 'televisores-led', 'lg');
INSERT INTO MODELS (ID, DISPLAY_NAME, CATEGORY, BRAND) VALUES (730, 'Bravia LED', 'televisores-led', 'sony');
INSERT INTO MODELS (ID, DISPLAY_NAME, CATEGORY, BRAND) VALUES (731, '4K UHD LED', 'televisores-led', 'tcl');
INSERT INTO MODELS (ID, DISPLAY_NAME, CATEGORY, BRAND) VALUES (732, 'LED 4K Smart TV', 'televisores-led', 'vizio');
INSERT INTO MODELS (ID, DISPLAY_NAME, CATEGORY, BRAND) VALUES (733, 'LED ULED 4K', 'televisores-led', 'hisense');
INSERT INTO MODELS (ID, DISPLAY_NAME, CATEGORY, BRAND) VALUES (734, 'LED 1080p', 'televisores-led', 'samsung');
INSERT INTO MODELS (ID, DISPLAY_NAME, CATEGORY, BRAND) VALUES (735, 'LED TV 4K', 'televisores-led', 'sharp');
INSERT INTO MODELS (ID, DISPLAY_NAME, CATEGORY, BRAND) VALUES (736, 'LED UHD Smart TV', 'televisores-led', 'philips');
INSERT INTO MODELS (ID, DISPLAY_NAME, CATEGORY, BRAND) VALUES (737, 'LED 4K TV', 'televisores-led', 'toshiba');
INSERT INTO CATEGORIES (UNIQUE_NAME, DISPLAY_NAME, PARENT_CATEGORY) VALUES ('televisores-oled', 'Televisores OLED', 'televisores');
INSERT INTO MODELS (ID, DISPLAY_NAME, CATEGORY, BRAND) VALUES (738, 'OLED', 'televisores-oled', 'lg');
INSERT INTO MODELS (ID, DISPLAY_NAME, CATEGORY, BRAND) VALUES (739, 'Bravia OLED', 'televisores-oled', 'sony');
INSERT INTO MODELS (ID, DISPLAY_NAME, CATEGORY, BRAND) VALUES (740, 'OLED', 'televisores-oled', 'philips');
INSERT INTO MODELS (ID, DISPLAY_NAME, CATEGORY, BRAND) VALUES (741, 'OLED', 'televisores-oled', 'panasonic');
INSERT INTO MODELS (ID, DISPLAY_NAME, CATEGORY, BRAND) VALUES (742, 'OLED', 'televisores-oled', 'vizio');
INSERT INTO MODELS (ID, DISPLAY_NAME, CATEGORY, BRAND) VALUES (743, 'OLED', 'televisores-oled', 'hisense');
INSERT INTO CATEGORIES (UNIQUE_NAME, DISPLAY_NAME, PARENT_CATEGORY) VALUES ('televisores-inteligentes', 'Televisores inteligentes', 'televisores');
INSERT INTO MODELS (ID, DISPLAY_NAME, CATEGORY, BRAND) VALUES (744, 'Smart TV QLED', 'televisores-inteligentes', 'samsung');
INSERT INTO MODELS (ID, DISPLAY_NAME, CATEGORY, BRAND) VALUES (745, 'Smart OLED', 'televisores-inteligentes', 'lg');
INSERT INTO MODELS (ID, DISPLAY_NAME, CATEGORY, BRAND) VALUES (746, 'Bravia Smart TV', 'televisores-inteligentes', 'sony');
INSERT INTO MODELS (ID, DISPLAY_NAME, CATEGORY, BRAND) VALUES (747, 'Smart TV', 'televisores-inteligentes', 'tcl');
INSERT INTO MODELS (ID, DISPLAY_NAME, CATEGORY, BRAND) VALUES (748, 'Smart TV', 'televisores-inteligentes', 'vizio');
INSERT INTO MODELS (ID, DISPLAY_NAME, CATEGORY, BRAND) VALUES (749, 'Smart TV', 'televisores-inteligentes', 'samsung');
INSERT INTO MODELS (ID, DISPLAY_NAME, CATEGORY, BRAND) VALUES (750, 'NanoCell Smart TV', 'televisores-inteligentes', 'lg');
INSERT INTO MODELS (ID, DISPLAY_NAME, CATEGORY, BRAND) VALUES (751, 'Smart', 'televisores-inteligentes', 'hisense');
INSERT INTO MODELS (ID, DISPLAY_NAME, CATEGORY, BRAND) VALUES (752, 'Fire TV Edition Smart TV', 'televisores-inteligentes', 'toshiba');
INSERT INTO MODELS (ID, DISPLAY_NAME, CATEGORY, BRAND) VALUES (753, 'Smart TV AQUOS', 'televisores-inteligentes', 'sharp');
INSERT INTO CATEGORIES (UNIQUE_NAME, DISPLAY_NAME, PARENT_CATEGORY) VALUES ('alimentacion', 'Alimentación', NULL);
INSERT INTO CATEGORIES (UNIQUE_NAME, DISPLAY_NAME, PARENT_CATEGORY) VALUES ('nutricion-deportiva', 'Nutrición deportiva', 'alimentacion');
INSERT INTO CATEGORIES (UNIQUE_NAME, DISPLAY_NAME, PARENT_CATEGORY) VALUES ('aminoacidos', 'Aminoácidos', 'nutricion-deportiva');
INSERT INTO CATEGORIES (UNIQUE_NAME, DISPLAY_NAME, PARENT_CATEGORY) VALUES ('anabolicos-naturales', 'Anabólicos naturales', 'nutricion-deportiva');
INSERT INTO CATEGORIES (UNIQUE_NAME, DISPLAY_NAME, PARENT_CATEGORY) VALUES ('barritas', 'Barritas', 'nutricion-deportiva');
INSERT INTO CATEGORIES (UNIQUE_NAME, DISPLAY_NAME, PARENT_CATEGORY) VALUES ('carbohidratos', 'Carbohidratos', 'nutricion-deportiva');
INSERT INTO CATEGORIES (UNIQUE_NAME, DISPLAY_NAME, PARENT_CATEGORY) VALUES ('control-peso', 'Control Peso', 'nutricion-deportiva');
INSERT INTO CATEGORIES (UNIQUE_NAME, DISPLAY_NAME, PARENT_CATEGORY) VALUES ('creatina', 'Creatina', 'nutricion-deportiva');
INSERT INTO MODELS (ID, DISPLAY_NAME, CATEGORY, BRAND) VALUES (754, 'Creatina monohidrato en polvo', 'creatina', 'hsn-raw-series');
INSERT INTO CATEGORIES (UNIQUE_NAME, DISPLAY_NAME, PARENT_CATEGORY) VALUES ('ganadores-de-peso', 'Ganadores de peso', 'nutricion-deportiva');
INSERT INTO CATEGORIES (UNIQUE_NAME, DISPLAY_NAME, PARENT_CATEGORY) VALUES ('geles-energeticos', 'Geles energéticos', 'nutricion-deportiva');
INSERT INTO CATEGORIES (UNIQUE_NAME, DISPLAY_NAME, PARENT_CATEGORY) VALUES ('intra-entrenamiento', 'Intra entrenamiento', 'nutricion-deportiva');
INSERT INTO CATEGORIES (UNIQUE_NAME, DISPLAY_NAME, PARENT_CATEGORY) VALUES ('minerales', 'Minerales', 'nutricion-deportiva');
INSERT INTO CATEGORIES (UNIQUE_NAME, DISPLAY_NAME, PARENT_CATEGORY) VALUES ('multivitaminicos', 'Multivitamínicos', 'nutricion-deportiva');
INSERT INTO CATEGORIES (UNIQUE_NAME, DISPLAY_NAME, PARENT_CATEGORY) VALUES ('post-entrenamiento', 'Post entrenamiento', 'nutricion-deportiva');
INSERT INTO CATEGORIES (UNIQUE_NAME, DISPLAY_NAME, PARENT_CATEGORY) VALUES ('pre-entrenamiento', 'Pre entrenamiento', 'nutricion-deportiva');
INSERT INTO CATEGORIES (UNIQUE_NAME, DISPLAY_NAME, PARENT_CATEGORY) VALUES ('proteinas', 'Proteinas', 'nutricion-deportiva');
INSERT INTO CATEGORIES (UNIQUE_NAME, DISPLAY_NAME, PARENT_CATEGORY) VALUES ('caseinas', 'Caseínas', 'proteinas');
INSERT INTO CATEGORIES (UNIQUE_NAME, DISPLAY_NAME, PARENT_CATEGORY) VALUES ('proteinas-de-albumina-de-huevo', 'Proteínas de Albúmina de Huevo', 'proteinas');
INSERT INTO CATEGORIES (UNIQUE_NAME, DISPLAY_NAME, PARENT_CATEGORY) VALUES ('proteinas-de-carne', 'Proteínas de Carne', 'proteinas');
INSERT INTO CATEGORIES (UNIQUE_NAME, DISPLAY_NAME, PARENT_CATEGORY) VALUES ('proteinas-liberacion-secuencial', 'Proteínas Liberación Secuencial', 'proteinas');
INSERT INTO CATEGORIES (UNIQUE_NAME, DISPLAY_NAME, PARENT_CATEGORY) VALUES ('proteinas-sin-gluten', 'Proteínas Sin Gluten', 'proteinas');
INSERT INTO CATEGORIES (UNIQUE_NAME, DISPLAY_NAME, PARENT_CATEGORY) VALUES ('proteinas-sin-lactosa', 'Proteínas Sin Lactosa', 'proteinas');
INSERT INTO CATEGORIES (UNIQUE_NAME, DISPLAY_NAME, PARENT_CATEGORY) VALUES ('proteinas-vegetales', 'Proteínas Vegetales', 'proteinas');
INSERT INTO CATEGORIES (UNIQUE_NAME, DISPLAY_NAME, PARENT_CATEGORY) VALUES ('proteinas-de-suero', 'Proteínas de Suero', 'proteinas');
INSERT INTO MODELS (ID, DISPLAY_NAME, CATEGORY, BRAND) VALUES (755, 'Evowhey Protein', 'proteinas-de-suero', 'hsn-sport-series');
INSERT INTO MODELS (ID, DISPLAY_NAME, CATEGORY, BRAND) VALUES (756, 'Evoexcel 2.0', 'proteinas-de-suero', 'hsn-sport-series');
INSERT INTO MODELS (ID, DISPLAY_NAME, CATEGORY, BRAND) VALUES (757, 'Evodiet 2.0', 'proteinas-de-suero', 'hsn-sport-series');
INSERT INTO MODELS (ID, DISPLAY_NAME, CATEGORY, BRAND) VALUES (758, 'Evopept 2.0', 'proteinas-de-suero', 'hsn-sport-series');
INSERT INTO MODELS (ID, DISPLAY_NAME, CATEGORY, BRAND) VALUES (759, 'Evowhey Protein sin edulcorantes', 'proteinas-de-suero', 'hsn-sport-series');
INSERT INTO MODELS (ID, DISPLAY_NAME, CATEGORY, BRAND) VALUES (760, 'Evolate 2.0', 'proteinas-de-suero', 'hsn-sport-series');
INSERT INTO MODELS (ID, DISPLAY_NAME, CATEGORY, BRAND) VALUES (761, 'Evohydro 30HD', 'proteinas-de-suero', 'hsn-sport-series');
INSERT INTO MODELS (ID, DISPLAY_NAME, CATEGORY, BRAND) VALUES (762, 'Whey Protein concentrate', 'proteinas-de-suero', 'hsn-raw-series');
INSERT INTO MODELS (ID, DISPLAY_NAME, CATEGORY, BRAND) VALUES (763, 'Whey Protein isolate', 'proteinas-de-suero', 'hsn-raw-series');
INSERT INTO MODELS (ID, DISPLAY_NAME, CATEGORY, BRAND) VALUES (764, 'Golden Protein', 'proteinas-de-suero', 'hsn-essential-series');
INSERT INTO MODELS (ID, DISPLAY_NAME, CATEGORY, BRAND) VALUES (765, 'Smoothie Proteico', 'proteinas-de-suero', 'hsn-essential-series');
INSERT INTO CATEGORIES (UNIQUE_NAME, DISPLAY_NAME, PARENT_CATEGORY) VALUES ('vitaminas', 'Vitaminas', 'nutricion-deportiva');
INSERT INTO CATEGORIES (UNIQUE_NAME, DISPLAY_NAME, PARENT_CATEGORY) VALUES ('carniceria', 'Carnicería', 'alimentacion');
INSERT INTO CATEGORIES (UNIQUE_NAME, DISPLAY_NAME, PARENT_CATEGORY) VALUES ('pollo', 'Pollo', 'carniceria');
INSERT INTO MODELS (ID, DISPLAY_NAME, CATEGORY, BRAND) VALUES (766, 'Jamoncitos de pollo', 'pollo', 'dia');
INSERT INTO MODELS (ID, DISPLAY_NAME, CATEGORY, BRAND) VALUES (767, 'Filetes de pechuga de pollo', 'pollo', 'dia');
INSERT INTO MODELS (ID, DISPLAY_NAME, CATEGORY, BRAND) VALUES (768, 'Longaniza de pollo', 'pollo', 'dia');
INSERT INTO MODELS (ID, DISPLAY_NAME, CATEGORY, BRAND) VALUES (769, 'Pechuga de pollo', 'pollo', 'dia');
INSERT INTO MODELS (ID, DISPLAY_NAME, CATEGORY, BRAND) VALUES (770, 'Cuartos traseros de pollo', 'pollo', 'dia');
INSERT INTO MODELS (ID, DISPLAY_NAME, CATEGORY, BRAND) VALUES (771, 'Albóndigas de pollo', 'pollo', 'dia');
INSERT INTO MODELS (ID, DISPLAY_NAME, CATEGORY, BRAND) VALUES (772, 'Pechugas enteras de pollo', 'pollo', 'dia');
INSERT INTO MODELS (ID, DISPLAY_NAME, CATEGORY, BRAND) VALUES (773, 'Alas adobadas de pollo', 'pollo', 'dia');
INSERT INTO MODELS (ID, DISPLAY_NAME, CATEGORY, BRAND) VALUES (774, 'Solomillo de pollo', 'pollo', 'dia');
INSERT INTO MODELS (ID, DISPLAY_NAME, CATEGORY, BRAND) VALUES (775, 'Roti de pollo', 'pollo', 'dia');
INSERT INTO CATEGORIES (UNIQUE_NAME, DISPLAY_NAME, PARENT_CATEGORY) VALUES ('vacuno', 'Vacuno', 'carniceria');
INSERT INTO CATEGORIES (UNIQUE_NAME, DISPLAY_NAME, PARENT_CATEGORY) VALUES ('cerdo', 'Cerdo', 'carniceria');
INSERT INTO CATEGORIES (UNIQUE_NAME, DISPLAY_NAME, PARENT_CATEGORY) VALUES ('pavo', 'Pavo', 'carniceria');
INSERT INTO CATEGORIES (UNIQUE_NAME, DISPLAY_NAME, PARENT_CATEGORY) VALUES ('conejo', 'Conejo', 'carniceria');
INSERT INTO CATEGORIES (UNIQUE_NAME, DISPLAY_NAME, PARENT_CATEGORY) VALUES ('hamburguesas-y-carne-picada', 'Hamburguesas y carne picada', 'carniceria');
INSERT INTO CATEGORIES (UNIQUE_NAME, DISPLAY_NAME, PARENT_CATEGORY) VALUES ('pescados,-mariscos-y-ahumados', 'Pescados, mariscos y ahumados', 'alimentacion');
INSERT INTO CATEGORIES (UNIQUE_NAME, DISPLAY_NAME, PARENT_CATEGORY) VALUES ('pescados', 'Pescados', 'pescados,-mariscos-y-ahumados');
INSERT INTO CATEGORIES (UNIQUE_NAME, DISPLAY_NAME, PARENT_CATEGORY) VALUES ('mariscos', 'Mariscos', 'pescados,-mariscos-y-ahumados');
INSERT INTO CATEGORIES (UNIQUE_NAME, DISPLAY_NAME, PARENT_CATEGORY) VALUES ('ahumados,-salazones-y-preparados', 'Ahumados, salazones y preparados', 'pescados,-mariscos-y-ahumados');
INSERT INTO CATEGORIES (UNIQUE_NAME, DISPLAY_NAME, PARENT_CATEGORY) VALUES ('sucedaneo-de-angulas-y-surimi', 'Sucedáneo de angulas y surimi', 'pescados,-mariscos-y-ahumados');
INSERT INTO CATEGORIES (UNIQUE_NAME, DISPLAY_NAME, PARENT_CATEGORY) VALUES ('verduras', 'Verduras', 'alimentacion');
INSERT INTO CATEGORIES (UNIQUE_NAME, DISPLAY_NAME, PARENT_CATEGORY) VALUES ('ajos,-cebollas-y-puerros', 'Ajos, cebollas y puerros', 'verduras');
INSERT INTO CATEGORIES (UNIQUE_NAME, DISPLAY_NAME, PARENT_CATEGORY) VALUES ('tomates,-pimientos-y-pepinos', 'Tomates, pimientos y pepinos', 'verduras');
INSERT INTO CATEGORIES (UNIQUE_NAME, DISPLAY_NAME, PARENT_CATEGORY) VALUES ('calabacin,-calabaza-y-berenjena', 'Calabacín, calabaza y berenjena', 'verduras');
INSERT INTO CATEGORIES (UNIQUE_NAME, DISPLAY_NAME, PARENT_CATEGORY) VALUES ('judias,-brocolis-y-coliflores', 'Judías, brócolis y coliflores', 'verduras');
INSERT INTO CATEGORIES (UNIQUE_NAME, DISPLAY_NAME, PARENT_CATEGORY) VALUES ('lechuga,-escarolas-y-endivias', 'Lechuga, escarolas y endivias', 'verduras');
INSERT INTO CATEGORIES (UNIQUE_NAME, DISPLAY_NAME, PARENT_CATEGORY) VALUES ('patatas-y-zanahorias', 'Patatas y zanahorias', 'verduras');
INSERT INTO CATEGORIES (UNIQUE_NAME, DISPLAY_NAME, PARENT_CATEGORY) VALUES ('setas-y-champinones', 'Setas y champiñones', 'verduras');
INSERT INTO CATEGORIES (UNIQUE_NAME, DISPLAY_NAME, PARENT_CATEGORY) VALUES ('verduras-y-ensaladas-preparadas', 'Verduras y ensaladas preparadas', 'verduras');
INSERT INTO CATEGORIES (UNIQUE_NAME, DISPLAY_NAME, PARENT_CATEGORY) VALUES ('otras-verduras', 'Otras verduras', 'verduras');
INSERT INTO CATEGORIES (UNIQUE_NAME, DISPLAY_NAME, PARENT_CATEGORY) VALUES ('frutas', 'Frutas', 'alimentacion');
INSERT INTO CATEGORIES (UNIQUE_NAME, DISPLAY_NAME, PARENT_CATEGORY) VALUES ('frutas-de-temporada', 'Frutas de temporada', 'frutas');
INSERT INTO CATEGORIES (UNIQUE_NAME, DISPLAY_NAME, PARENT_CATEGORY) VALUES ('manzanas', 'Manzanas', 'frutas');
INSERT INTO CATEGORIES (UNIQUE_NAME, DISPLAY_NAME, PARENT_CATEGORY) VALUES ('platanos', 'Platanos', 'frutas');
INSERT INTO CATEGORIES (UNIQUE_NAME, DISPLAY_NAME, PARENT_CATEGORY) VALUES ('peras', 'Peras', 'frutas');
INSERT INTO CATEGORIES (UNIQUE_NAME, DISPLAY_NAME, PARENT_CATEGORY) VALUES ('naranjas-y-mandarinas', 'Naranjas y mandarinas', 'frutas');
INSERT INTO CATEGORIES (UNIQUE_NAME, DISPLAY_NAME, PARENT_CATEGORY) VALUES ('uvas', 'Uvas', 'frutas');
INSERT INTO CATEGORIES (UNIQUE_NAME, DISPLAY_NAME, PARENT_CATEGORY) VALUES ('limones-y-pomelos', 'Limones y pomelos', 'frutas');
INSERT INTO CATEGORIES (UNIQUE_NAME, DISPLAY_NAME, PARENT_CATEGORY) VALUES ('frutas-del-bosque', 'Frutas del bosque', 'frutas');
INSERT INTO CATEGORIES (UNIQUE_NAME, DISPLAY_NAME, PARENT_CATEGORY) VALUES ('frutas-tropicales', 'Frutas tropicales', 'frutas');
INSERT INTO CATEGORIES (UNIQUE_NAME, DISPLAY_NAME, PARENT_CATEGORY) VALUES ('frutas-deshidratadas', 'Frutas deshidratadas', 'frutas');
INSERT INTO CATEGORIES (UNIQUE_NAME, DISPLAY_NAME, PARENT_CATEGORY) VALUES ('leche,-huevos-y-mantequilla', 'Leche, huevos y mantequilla', 'alimentacion');
INSERT INTO CATEGORIES (UNIQUE_NAME, DISPLAY_NAME, PARENT_CATEGORY) VALUES ('leche', 'Leche', 'leche,-huevos-y-mantequilla');
INSERT INTO CATEGORIES (UNIQUE_NAME, DISPLAY_NAME, PARENT_CATEGORY) VALUES ('bebidas-vegetales', 'Bebidas vegetales', 'leche,-huevos-y-mantequilla');
INSERT INTO CATEGORIES (UNIQUE_NAME, DISPLAY_NAME, PARENT_CATEGORY) VALUES ('batidos-y-horchatas', 'Batidos y horchatas', 'leche,-huevos-y-mantequilla');
INSERT INTO CATEGORIES (UNIQUE_NAME, DISPLAY_NAME, PARENT_CATEGORY) VALUES ('huevos', 'Huevos', 'leche,-huevos-y-mantequilla');
INSERT INTO CATEGORIES (UNIQUE_NAME, DISPLAY_NAME, PARENT_CATEGORY) VALUES ('mantequilla-y-margarina', 'Mantequilla y margarina', 'leche,-huevos-y-mantequilla');
INSERT INTO CATEGORIES (UNIQUE_NAME, DISPLAY_NAME, PARENT_CATEGORY) VALUES ('nata', 'Nata', 'leche,-huevos-y-mantequilla');
INSERT INTO CATEGORIES (UNIQUE_NAME, DISPLAY_NAME, PARENT_CATEGORY) VALUES ('yogures-y-postres', 'Yogures y postres', 'alimentacion');
INSERT INTO CATEGORIES (UNIQUE_NAME, DISPLAY_NAME, PARENT_CATEGORY) VALUES ('griegos-y-mousse', 'Griegos y mousse', 'yogures-y-postres');
INSERT INTO CATEGORIES (UNIQUE_NAME, DISPLAY_NAME, PARENT_CATEGORY) VALUES ('yogures-naturales', 'Yogures naturales', 'yogures-y-postres');
INSERT INTO CATEGORIES (UNIQUE_NAME, DISPLAY_NAME, PARENT_CATEGORY) VALUES ('yogures-de-sabores-y-frutas', 'Yogures de sabores y frutas', 'yogures-y-postres');
INSERT INTO CATEGORIES (UNIQUE_NAME, DISPLAY_NAME, PARENT_CATEGORY) VALUES ('yogures-infantiles', 'Yogures infantiles', 'yogures-y-postres');
INSERT INTO CATEGORIES (UNIQUE_NAME, DISPLAY_NAME, PARENT_CATEGORY) VALUES ('yogures-desnatados', 'Yogures desnatados', 'yogures-y-postres');
INSERT INTO CATEGORIES (UNIQUE_NAME, DISPLAY_NAME, PARENT_CATEGORY) VALUES ('yogures-bifidus-y-colesterol', 'Yogures bífidus y colesterol', 'yogures-y-postres');
INSERT INTO CATEGORIES (UNIQUE_NAME, DISPLAY_NAME, PARENT_CATEGORY) VALUES ('yogures-de-soja-y-enriquecidos', 'Yogures de soja y enriquecidos', 'yogures-y-postres');
INSERT INTO CATEGORIES (UNIQUE_NAME, DISPLAY_NAME, PARENT_CATEGORY) VALUES ('kefir-y-otros-yogures', 'Kéfir y otros yogures', 'yogures-y-postres');
INSERT INTO CATEGORIES (UNIQUE_NAME, DISPLAY_NAME, PARENT_CATEGORY) VALUES ('postres-y-yogures-de-proteinas', 'Postres y yogures de proteínas', 'yogures-y-postres');
INSERT INTO CATEGORIES (UNIQUE_NAME, DISPLAY_NAME, PARENT_CATEGORY) VALUES ('natillas-y-flan', 'Natillas y flan', 'yogures-y-postres');
INSERT INTO CATEGORIES (UNIQUE_NAME, DISPLAY_NAME, PARENT_CATEGORY) VALUES ('arroz-con-leche-y-postre-tradicional', 'Arroz con leche y postre tradicional', 'yogures-y-postres');
INSERT INTO CATEGORIES (UNIQUE_NAME, DISPLAY_NAME, PARENT_CATEGORY) VALUES ('cuajada', 'Cuajada', 'yogures-y-postres');
INSERT INTO CATEGORIES (UNIQUE_NAME, DISPLAY_NAME, PARENT_CATEGORY) VALUES ('gelatinas-y-otros-postres', 'Gelatinas y otros postres', 'yogures-y-postres');
INSERT INTO CATEGORIES (UNIQUE_NAME, DISPLAY_NAME, PARENT_CATEGORY) VALUES ('arroz,-pastas-y-legumbres', 'Arroz, pastas y legumbres', 'alimentacion');
INSERT INTO CATEGORIES (UNIQUE_NAME, DISPLAY_NAME, PARENT_CATEGORY) VALUES ('arroz', 'Arroz', 'arroz,-pastas-y-legumbres');
INSERT INTO CATEGORIES (UNIQUE_NAME, DISPLAY_NAME, PARENT_CATEGORY) VALUES ('pastas', 'Pastas', 'arroz,-pastas-y-legumbres');
INSERT INTO CATEGORIES (UNIQUE_NAME, DISPLAY_NAME, PARENT_CATEGORY) VALUES ('garbanzos', 'Garbanzos', 'arroz,-pastas-y-legumbres');
INSERT INTO CATEGORIES (UNIQUE_NAME, DISPLAY_NAME, PARENT_CATEGORY) VALUES ('alubias', 'Alubias', 'arroz,-pastas-y-legumbres');
INSERT INTO CATEGORIES (UNIQUE_NAME, DISPLAY_NAME, PARENT_CATEGORY) VALUES ('lentejas', 'Lentejas', 'arroz,-pastas-y-legumbres');
INSERT INTO CATEGORIES (UNIQUE_NAME, DISPLAY_NAME, PARENT_CATEGORY) VALUES ('quinoa-y-couscous', 'Quinoa y couscous', 'arroz,-pastas-y-legumbres');
INSERT INTO CATEGORIES (UNIQUE_NAME, DISPLAY_NAME, PARENT_CATEGORY) VALUES ('aceites,-salsas-y-especias', 'Aceites, salsas y especias', 'alimentacion');
INSERT INTO CATEGORIES (UNIQUE_NAME, DISPLAY_NAME, PARENT_CATEGORY) VALUES ('aceites', 'Aceites', 'aceites,-salsas-y-especias');
INSERT INTO CATEGORIES (UNIQUE_NAME, DISPLAY_NAME, PARENT_CATEGORY) VALUES ('vinagres-y-alinos', 'Vinagres y aliños', 'aceites,-salsas-y-especias');
INSERT INTO CATEGORIES (UNIQUE_NAME, DISPLAY_NAME, PARENT_CATEGORY) VALUES ('tomate', 'Tomate', 'aceites,-salsas-y-especias');
INSERT INTO CATEGORIES (UNIQUE_NAME, DISPLAY_NAME, PARENT_CATEGORY) VALUES ('mayonesa,-ketchup-y-otras-salsas', 'Mayonesa, ketchup y otras salsas', 'aceites,-salsas-y-especias');
INSERT INTO CATEGORIES (UNIQUE_NAME, DISPLAY_NAME, PARENT_CATEGORY) VALUES ('sal-y-especias', 'Sal y especias', 'aceites,-salsas-y-especias');
INSERT INTO CATEGORIES (UNIQUE_NAME, DISPLAY_NAME, PARENT_CATEGORY) VALUES ('conservas,-caldos-y-cremas', 'Conservas, caldos y cremas', 'alimentacion');
INSERT INTO CATEGORIES (UNIQUE_NAME, DISPLAY_NAME, PARENT_CATEGORY) VALUES ('atun,-bonito-y-caballa', 'Atún, bonito y caballa', 'conservas,-caldos-y-cremas');
INSERT INTO CATEGORIES (UNIQUE_NAME, DISPLAY_NAME, PARENT_CATEGORY) VALUES ('berberechos', 'Berberechos', 'conservas,-caldos-y-cremas');
INSERT INTO CATEGORIES (UNIQUE_NAME, DISPLAY_NAME, PARENT_CATEGORY) VALUES ('mejillones', 'Mejillones', 'conservas,-caldos-y-cremas');
INSERT INTO CATEGORIES (UNIQUE_NAME, DISPLAY_NAME, PARENT_CATEGORY) VALUES ('sardinas-y-sardinillas', 'Sardinas y sardinillas', 'conservas,-caldos-y-cremas');
INSERT INTO CATEGORIES (UNIQUE_NAME, DISPLAY_NAME, PARENT_CATEGORY) VALUES ('otras-conservas-de-pescado', 'Otras conservas de pescado', 'conservas,-caldos-y-cremas');
INSERT INTO CATEGORIES (UNIQUE_NAME, DISPLAY_NAME, PARENT_CATEGORY) VALUES ('conservas-vegetales', 'Conservas vegetales', 'conservas,-caldos-y-cremas');
INSERT INTO CATEGORIES (UNIQUE_NAME, DISPLAY_NAME, PARENT_CATEGORY) VALUES ('sopas,-caldos-y-pures-deshidratados', 'Sopas, caldos y purés deshidratados', 'conservas,-caldos-y-cremas');
INSERT INTO CATEGORIES (UNIQUE_NAME, DISPLAY_NAME, PARENT_CATEGORY) VALUES ('cremas-y-caldos-liquidos', 'Cremas y caldos líquidos', 'conservas,-caldos-y-cremas');
INSERT INTO CATEGORIES (UNIQUE_NAME, DISPLAY_NAME, PARENT_CATEGORY) VALUES ('panes,-harinas-y-masas', 'Panes, harinas y masas', 'alimentacion');
INSERT INTO CATEGORIES (UNIQUE_NAME, DISPLAY_NAME, PARENT_CATEGORY) VALUES ('pan-recien-horneado', 'Pan recien horneado', 'panes,-harinas-y-masas');
INSERT INTO CATEGORIES (UNIQUE_NAME, DISPLAY_NAME, PARENT_CATEGORY) VALUES ('pan-de-molde,-perritos-y-hamburguesas.', 'Pan de molde, perritos y hamburguesas.', 'panes,-harinas-y-masas');
INSERT INTO CATEGORIES (UNIQUE_NAME, DISPLAY_NAME, PARENT_CATEGORY) VALUES ('picos-y-panes-tostados', 'Picos y panes tostados', 'panes,-harinas-y-masas');
INSERT INTO CATEGORIES (UNIQUE_NAME, DISPLAY_NAME, PARENT_CATEGORY) VALUES ('pan-rallado', 'Pan rallado', 'panes,-harinas-y-masas');
INSERT INTO CATEGORIES (UNIQUE_NAME, DISPLAY_NAME, PARENT_CATEGORY) VALUES ('harinas-y-levaduras', 'Harinas y levaduras', 'panes,-harinas-y-masas');
INSERT INTO CATEGORIES (UNIQUE_NAME, DISPLAY_NAME, PARENT_CATEGORY) VALUES ('masas-y-hojaldres', 'Masas y hojaldres', 'panes,-harinas-y-masas');
INSERT INTO CATEGORIES (UNIQUE_NAME, DISPLAY_NAME, PARENT_CATEGORY) VALUES ('preparados-para-postres', 'Preparados para postres', 'panes,-harinas-y-masas');
INSERT INTO CATEGORIES (UNIQUE_NAME, DISPLAY_NAME, PARENT_CATEGORY) VALUES ('cafe,-cacao-e-infusiones', 'Café, cacao e infusiones', 'alimentacion');
INSERT INTO CATEGORIES (UNIQUE_NAME, DISPLAY_NAME, PARENT_CATEGORY) VALUES ('cafe', 'Café', 'cafe,-cacao-e-infusiones');
INSERT INTO CATEGORIES (UNIQUE_NAME, DISPLAY_NAME, PARENT_CATEGORY) VALUES ('cacao', 'Cacao', 'cafe,-cacao-e-infusiones');
INSERT INTO CATEGORIES (UNIQUE_NAME, DISPLAY_NAME, PARENT_CATEGORY) VALUES ('te-e-infusiones', 'Té e infusiones', 'cafe,-cacao-e-infusiones');
INSERT INTO CATEGORIES (UNIQUE_NAME, DISPLAY_NAME, PARENT_CATEGORY) VALUES ('azucar,-chocolates-y-caramelos', 'Azúcar, chocolates y caramelos', 'alimentacion');
INSERT INTO CATEGORIES (UNIQUE_NAME, DISPLAY_NAME, PARENT_CATEGORY) VALUES ('azucar-y-edulcorantes', 'Azúcar y edulcorantes', 'azucar,-chocolates-y-caramelos');
INSERT INTO CATEGORIES (UNIQUE_NAME, DISPLAY_NAME, PARENT_CATEGORY) VALUES ('miel', 'Miel', 'azucar,-chocolates-y-caramelos');
INSERT INTO CATEGORIES (UNIQUE_NAME, DISPLAY_NAME, PARENT_CATEGORY) VALUES ('mermeladas-y-frutas-en-almibar', 'Mermeladas y frutas en almibar', 'azucar,-chocolates-y-caramelos');
INSERT INTO CATEGORIES (UNIQUE_NAME, DISPLAY_NAME, PARENT_CATEGORY) VALUES ('cremas-de-cacao', 'Cremas de cacao', 'azucar,-chocolates-y-caramelos');
INSERT INTO CATEGORIES (UNIQUE_NAME, DISPLAY_NAME, PARENT_CATEGORY) VALUES ('chocolates-y-bombones', 'Chocolates y bombones', 'azucar,-chocolates-y-caramelos');
INSERT INTO CATEGORIES (UNIQUE_NAME, DISPLAY_NAME, PARENT_CATEGORY) VALUES ('caramelos,-chicles-y-golosinas', 'Caramelos, chicles y golosinas', 'azucar,-chocolates-y-caramelos');
INSERT INTO CATEGORIES (UNIQUE_NAME, DISPLAY_NAME, PARENT_CATEGORY) VALUES ('dulces-de-navidad', 'Dulces de Navidad', 'azucar,-chocolates-y-caramelos');
INSERT INTO CATEGORIES (UNIQUE_NAME, DISPLAY_NAME, PARENT_CATEGORY) VALUES ('galletas,-bollos-y-cereales', 'Galletas, bollos y cereales', 'alimentacion');
INSERT INTO CATEGORIES (UNIQUE_NAME, DISPLAY_NAME, PARENT_CATEGORY) VALUES ('galletas', 'Galletas', 'galletas,-bollos-y-cereales');
INSERT INTO CATEGORIES (UNIQUE_NAME, DISPLAY_NAME, PARENT_CATEGORY) VALUES ('galletas-saladas', 'Galletas saladas', 'galletas,-bollos-y-cereales');
INSERT INTO CATEGORIES (UNIQUE_NAME, DISPLAY_NAME, PARENT_CATEGORY) VALUES ('bolleria', 'Bollería', 'galletas,-bollos-y-cereales');
INSERT INTO CATEGORIES (UNIQUE_NAME, DISPLAY_NAME, PARENT_CATEGORY) VALUES ('cereales', 'Cereales', 'galletas,-bollos-y-cereales');
INSERT INTO CATEGORIES (UNIQUE_NAME, DISPLAY_NAME, PARENT_CATEGORY) VALUES ('tortitas', 'Tortitas', 'galletas,-bollos-y-cereales');
INSERT INTO CATEGORIES (UNIQUE_NAME, DISPLAY_NAME, PARENT_CATEGORY) VALUES ('patatas-fritas,-encurtidos-y-frutos-secos', 'Patatas fritas, encurtidos y frutos secos', 'alimentacion');
INSERT INTO CATEGORIES (UNIQUE_NAME, DISPLAY_NAME, PARENT_CATEGORY) VALUES ('patatas-fritas-y-aperitivos', 'Patatas fritas y aperitivos', 'patatas-fritas,-encurtidos-y-frutos-secos');
INSERT INTO CATEGORIES (UNIQUE_NAME, DISPLAY_NAME, PARENT_CATEGORY) VALUES ('aceitunas-y-encurtidos', 'Aceitunas y encurtidos', 'patatas-fritas,-encurtidos-y-frutos-secos');
INSERT INTO CATEGORIES (UNIQUE_NAME, DISPLAY_NAME, PARENT_CATEGORY) VALUES ('frutos-secos', 'Frutos secos', 'patatas-fritas,-encurtidos-y-frutos-secos');
INSERT INTO CATEGORIES (UNIQUE_NAME, DISPLAY_NAME, PARENT_CATEGORY) VALUES ('pizzas-y-platos-preparados', 'Pizzas y platos preparados', 'alimentacion');
INSERT INTO CATEGORIES (UNIQUE_NAME, DISPLAY_NAME, PARENT_CATEGORY) VALUES ('pizzas', 'Pizzas', 'pizzas-y-platos-preparados');
INSERT INTO CATEGORIES (UNIQUE_NAME, DISPLAY_NAME, PARENT_CATEGORY) VALUES ('precocinados-envasados', 'Precocinados envasados', 'pizzas-y-platos-preparados');
INSERT INTO CATEGORIES (UNIQUE_NAME, DISPLAY_NAME, PARENT_CATEGORY) VALUES ('comida-internacional', 'Comida internacional', 'pizzas-y-platos-preparados');
INSERT INTO CATEGORIES (UNIQUE_NAME, DISPLAY_NAME, PARENT_CATEGORY) VALUES ('tortillas-y-empanadas', 'Tortillas y empanadas', 'pizzas-y-platos-preparados');
INSERT INTO CATEGORIES (UNIQUE_NAME, DISPLAY_NAME, PARENT_CATEGORY) VALUES ('gazpachos-y-salmorejos', 'Gazpachos y salmorejos', 'pizzas-y-platos-preparados');
INSERT INTO CATEGORIES (UNIQUE_NAME, DISPLAY_NAME, PARENT_CATEGORY) VALUES ('congelados', 'Congelados', 'alimentacion');
INSERT INTO CATEGORIES (UNIQUE_NAME, DISPLAY_NAME, PARENT_CATEGORY) VALUES ('helados-y-hielo', 'Helados y hielo', 'congelados');
INSERT INTO CATEGORIES (UNIQUE_NAME, DISPLAY_NAME, PARENT_CATEGORY) VALUES ('pizzas,-bases-y-masas', 'Pizzas, bases y masas', 'congelados');
INSERT INTO CATEGORIES (UNIQUE_NAME, DISPLAY_NAME, PARENT_CATEGORY) VALUES ('pescado-y-marisco', 'Pescado y marisco', 'congelados');
INSERT INTO CATEGORIES (UNIQUE_NAME, DISPLAY_NAME, PARENT_CATEGORY) VALUES ('carne-y-pollo', 'Carne y pollo', 'congelados');
INSERT INTO CATEGORIES (UNIQUE_NAME, DISPLAY_NAME, PARENT_CATEGORY) VALUES ('verduras,-hortalizas-y-salteados', 'Verduras, hortalizas y salteados', 'congelados');
INSERT INTO CATEGORIES (UNIQUE_NAME, DISPLAY_NAME, PARENT_CATEGORY) VALUES ('patatas-fritas', 'Patatas fritas', 'congelados');
INSERT INTO CATEGORIES (UNIQUE_NAME, DISPLAY_NAME, PARENT_CATEGORY) VALUES ('croquetas-y-rebozados', 'Croquetas y rebozados', 'congelados');
INSERT INTO CATEGORIES (UNIQUE_NAME, DISPLAY_NAME, PARENT_CATEGORY) VALUES ('churros-y-postres', 'Churros y postres', 'congelados');
INSERT INTO CATEGORIES (UNIQUE_NAME, DISPLAY_NAME, PARENT_CATEGORY) VALUES ('lasanas-y-pasta', 'Lasañas y pasta', 'congelados');
INSERT INTO CATEGORIES (UNIQUE_NAME, DISPLAY_NAME, PARENT_CATEGORY) VALUES ('agua,-refrescos-y-zumos', 'Agua, refrescos y zumos', 'alimentacion');
INSERT INTO CATEGORIES (UNIQUE_NAME, DISPLAY_NAME, PARENT_CATEGORY) VALUES ('agua', 'Agua', 'agua,-refrescos-y-zumos');
INSERT INTO CATEGORIES (UNIQUE_NAME, DISPLAY_NAME, PARENT_CATEGORY) VALUES ('cola', 'Cola', 'agua,-refrescos-y-zumos');
INSERT INTO CATEGORIES (UNIQUE_NAME, DISPLAY_NAME, PARENT_CATEGORY) VALUES ('naranja', 'Naranja', 'agua,-refrescos-y-zumos');
INSERT INTO CATEGORIES (UNIQUE_NAME, DISPLAY_NAME, PARENT_CATEGORY) VALUES ('limon,-lima-limon', 'Limón, lima limón', 'agua,-refrescos-y-zumos');
INSERT INTO CATEGORIES (UNIQUE_NAME, DISPLAY_NAME, PARENT_CATEGORY) VALUES ('tes-frios,-cafes-frios', 'Tés fríos, cafés frios', 'agua,-refrescos-y-zumos');
INSERT INTO CATEGORIES (UNIQUE_NAME, DISPLAY_NAME, PARENT_CATEGORY) VALUES ('tonicas', 'Tónicas', 'agua,-refrescos-y-zumos');
INSERT INTO CATEGORIES (UNIQUE_NAME, DISPLAY_NAME, PARENT_CATEGORY) VALUES ('gaseosa', 'Gaseosa', 'agua,-refrescos-y-zumos');
INSERT INTO CATEGORIES (UNIQUE_NAME, DISPLAY_NAME, PARENT_CATEGORY) VALUES ('bebidas-energeticas', 'Bebidas energéticas', 'agua,-refrescos-y-zumos');
INSERT INTO CATEGORIES (UNIQUE_NAME, DISPLAY_NAME, PARENT_CATEGORY) VALUES ('bebidas-isotonicas', 'Bebidas isotónicas', 'agua,-refrescos-y-zumos');
INSERT INTO CATEGORIES (UNIQUE_NAME, DISPLAY_NAME, PARENT_CATEGORY) VALUES ('zumos', 'Zumos', 'agua,-refrescos-y-zumos');
INSERT INTO CATEGORIES (UNIQUE_NAME, DISPLAY_NAME, PARENT_CATEGORY) VALUES ('otras-bebidas', 'Otras bebidas', 'agua,-refrescos-y-zumos');
INSERT INTO CATEGORIES (UNIQUE_NAME, DISPLAY_NAME, PARENT_CATEGORY) VALUES ('cervezas,-vinos-y-bebidas-con-alcohol', 'Cervezas, vinos y bebidas con alcohol', 'alimentacion');
INSERT INTO CATEGORIES (UNIQUE_NAME, DISPLAY_NAME, PARENT_CATEGORY) VALUES ('cervezas', 'Cervezas', 'cervezas,-vinos-y-bebidas-con-alcohol');
INSERT INTO CATEGORIES (UNIQUE_NAME, DISPLAY_NAME, PARENT_CATEGORY) VALUES ('cervezas-especiales', 'Cervezas especiales', 'cervezas,-vinos-y-bebidas-con-alcohol');
INSERT INTO CATEGORIES (UNIQUE_NAME, DISPLAY_NAME, PARENT_CATEGORY) VALUES ('cervezas-con-limon', 'Cervezas con limón', 'cervezas,-vinos-y-bebidas-con-alcohol');
INSERT INTO CATEGORIES (UNIQUE_NAME, DISPLAY_NAME, PARENT_CATEGORY) VALUES ('cervezas-sin-alcohol', 'Cervezas sin alcohol', 'cervezas,-vinos-y-bebidas-con-alcohol');
INSERT INTO CATEGORIES (UNIQUE_NAME, DISPLAY_NAME, PARENT_CATEGORY) VALUES ('tinto-de-verano-y-sangria', 'Tinto de verano y sangría', 'cervezas,-vinos-y-bebidas-con-alcohol');
INSERT INTO CATEGORIES (UNIQUE_NAME, DISPLAY_NAME, PARENT_CATEGORY) VALUES ('vino-tinto', 'Vino tinto', 'cervezas,-vinos-y-bebidas-con-alcohol');
INSERT INTO CATEGORIES (UNIQUE_NAME, DISPLAY_NAME, PARENT_CATEGORY) VALUES ('vino-blanco', 'Vino blanco', 'cervezas,-vinos-y-bebidas-con-alcohol');
INSERT INTO CATEGORIES (UNIQUE_NAME, DISPLAY_NAME, PARENT_CATEGORY) VALUES ('cavas-y-sidra', 'Cavas y sidra', 'cervezas,-vinos-y-bebidas-con-alcohol');
INSERT INTO CATEGORIES (UNIQUE_NAME, DISPLAY_NAME, PARENT_CATEGORY) VALUES ('vino-rosado', 'Vino rosado', 'cervezas,-vinos-y-bebidas-con-alcohol');
INSERT INTO CATEGORIES (UNIQUE_NAME, DISPLAY_NAME, PARENT_CATEGORY) VALUES ('ginebra-y-vodka', 'Ginebra y vodka', 'cervezas,-vinos-y-bebidas-con-alcohol');
INSERT INTO CATEGORIES (UNIQUE_NAME, DISPLAY_NAME, PARENT_CATEGORY) VALUES ('ron-y-whisky', 'Ron y whisky', 'cervezas,-vinos-y-bebidas-con-alcohol');
INSERT INTO CATEGORIES (UNIQUE_NAME, DISPLAY_NAME, PARENT_CATEGORY) VALUES ('vermouth', 'Vermouth', 'cervezas,-vinos-y-bebidas-con-alcohol');
INSERT INTO CATEGORIES (UNIQUE_NAME, DISPLAY_NAME, PARENT_CATEGORY) VALUES ('cremas-y-licores', 'Cremas y licores', 'cervezas,-vinos-y-bebidas-con-alcohol');
INSERT INTO CATEGORIES (UNIQUE_NAME, DISPLAY_NAME, PARENT_CATEGORY) VALUES ('brandy', 'Brandy', 'cervezas,-vinos-y-bebidas-con-alcohol');
INSERT INTO CATEGORIES (UNIQUE_NAME, DISPLAY_NAME, PARENT_CATEGORY) VALUES ('limpieza-y-hogar', 'Limpieza y hogar', 'alimentacion');
INSERT INTO CATEGORIES (UNIQUE_NAME, DISPLAY_NAME, PARENT_CATEGORY) VALUES ('cuidado-de-la-ropa', 'Cuidado de la ropa', 'limpieza-y-hogar');
INSERT INTO CATEGORIES (UNIQUE_NAME, DISPLAY_NAME, PARENT_CATEGORY) VALUES ('lavavajillas', 'Lavavajillas', 'limpieza-y-hogar');
INSERT INTO CATEGORIES (UNIQUE_NAME, DISPLAY_NAME, PARENT_CATEGORY) VALUES ('papel-higienico,-de-cocina,-servilletas', 'Papel higiénico, de cocina, servilletas', 'limpieza-y-hogar');
INSERT INTO CATEGORIES (UNIQUE_NAME, DISPLAY_NAME, PARENT_CATEGORY) VALUES ('utensilios-de-limpieza', 'Utensilios de limpieza', 'limpieza-y-hogar');
INSERT INTO CATEGORIES (UNIQUE_NAME, DISPLAY_NAME, PARENT_CATEGORY) VALUES ('bolsas-de-basura', 'Bolsas de basura', 'limpieza-y-hogar');
INSERT INTO CATEGORIES (UNIQUE_NAME, DISPLAY_NAME, PARENT_CATEGORY) VALUES ('lejia-y-otros-quimicos', 'Lejía y otros químicos', 'limpieza-y-hogar');
INSERT INTO CATEGORIES (UNIQUE_NAME, DISPLAY_NAME, PARENT_CATEGORY) VALUES ('cristales-y-suelos', 'Cristales y suelos', 'limpieza-y-hogar');
INSERT INTO CATEGORIES (UNIQUE_NAME, DISPLAY_NAME, PARENT_CATEGORY) VALUES ('limpia-muebles-y-multiusos', 'Limpia muebles y multiusos', 'limpieza-y-hogar');
INSERT INTO CATEGORIES (UNIQUE_NAME, DISPLAY_NAME, PARENT_CATEGORY) VALUES ('limpieza-bano-y-wc', 'Limpieza baño y WC', 'limpieza-y-hogar');
INSERT INTO CATEGORIES (UNIQUE_NAME, DISPLAY_NAME, PARENT_CATEGORY) VALUES ('limpieza-cocina-y-vitroceramica', 'Limpieza cocina y vitrocerámica', 'limpieza-y-hogar');
INSERT INTO CATEGORIES (UNIQUE_NAME, DISPLAY_NAME, PARENT_CATEGORY) VALUES ('papel-de-aluminio,-horno-y-film', 'Papel de aluminio, horno y film', 'limpieza-y-hogar');
INSERT INTO CATEGORIES (UNIQUE_NAME, DISPLAY_NAME, PARENT_CATEGORY) VALUES ('insecticidas', 'Insecticidas', 'limpieza-y-hogar');
INSERT INTO CATEGORIES (UNIQUE_NAME, DISPLAY_NAME, PARENT_CATEGORY) VALUES ('ambientadores', 'Ambientadores', 'limpieza-y-hogar');
INSERT INTO CATEGORIES (UNIQUE_NAME, DISPLAY_NAME, PARENT_CATEGORY) VALUES ('calzado', 'Calzado', 'limpieza-y-hogar');
INSERT INTO CATEGORIES (UNIQUE_NAME, DISPLAY_NAME, PARENT_CATEGORY) VALUES ('utiles-del-hogar,-pilas,-bombillas', 'Útiles del hogar, pilas, bombillas', 'limpieza-y-hogar');
INSERT INTO CATEGORIES (UNIQUE_NAME, DISPLAY_NAME, PARENT_CATEGORY) VALUES ('perfumeria,-higiene,-salud', 'Perfumería, higiene, salud', 'alimentacion');
INSERT INTO CATEGORIES (UNIQUE_NAME, DISPLAY_NAME, PARENT_CATEGORY) VALUES ('hidratacion-corporal', 'Hidratación corporal', 'perfumeria,-higiene,-salud');
INSERT INTO CATEGORIES (UNIQUE_NAME, DISPLAY_NAME, PARENT_CATEGORY) VALUES ('gel-de-ducha-y-esponjas', 'Gel de ducha y esponjas', 'perfumeria,-higiene,-salud');
INSERT INTO CATEGORIES (UNIQUE_NAME, DISPLAY_NAME, PARENT_CATEGORY) VALUES ('cuidado-bucal', 'Cuidado bucal', 'perfumeria,-higiene,-salud');
INSERT INTO CATEGORIES (UNIQUE_NAME, DISPLAY_NAME, PARENT_CATEGORY) VALUES ('desodorantes', 'Desodorantes', 'perfumeria,-higiene,-salud');
INSERT INTO CATEGORIES (UNIQUE_NAME, DISPLAY_NAME, PARENT_CATEGORY) VALUES ('champu', 'Champú', 'perfumeria,-higiene,-salud');
INSERT INTO CATEGORIES (UNIQUE_NAME, DISPLAY_NAME, PARENT_CATEGORY) VALUES ('acondicionadores-y-mascarillas', 'Acondicionadores y mascarillas', 'perfumeria,-higiene,-salud');
INSERT INTO CATEGORIES (UNIQUE_NAME, DISPLAY_NAME, PARENT_CATEGORY) VALUES ('espumas-y-fijadores', 'Espumas y fijadores', 'perfumeria,-higiene,-salud');
INSERT INTO CATEGORIES (UNIQUE_NAME, DISPLAY_NAME, PARENT_CATEGORY) VALUES ('tintes', 'Tintes', 'perfumeria,-higiene,-salud');
INSERT INTO CATEGORIES (UNIQUE_NAME, DISPLAY_NAME, PARENT_CATEGORY) VALUES ('limpieza-facial,-crema-facial', 'Limpieza facial, crema facial', 'perfumeria,-higiene,-salud');
INSERT INTO CATEGORIES (UNIQUE_NAME, DISPLAY_NAME, PARENT_CATEGORY) VALUES ('quitaesmalte', 'Quitaesmalte', 'perfumeria,-higiene,-salud');
INSERT INTO CATEGORIES (UNIQUE_NAME, DISPLAY_NAME, PARENT_CATEGORY) VALUES ('afeitado', 'Afeitado', 'perfumeria,-higiene,-salud');
INSERT INTO CATEGORIES (UNIQUE_NAME, DISPLAY_NAME, PARENT_CATEGORY) VALUES ('depilacion', 'Depilación', 'perfumeria,-higiene,-salud');
INSERT INTO CATEGORIES (UNIQUE_NAME, DISPLAY_NAME, PARENT_CATEGORY) VALUES ('colonias', 'Colonias', 'perfumeria,-higiene,-salud');
INSERT INTO CATEGORIES (UNIQUE_NAME, DISPLAY_NAME, PARENT_CATEGORY) VALUES ('jabon-de-manos', 'Jabón de manos', 'perfumeria,-higiene,-salud');
INSERT INTO CATEGORIES (UNIQUE_NAME, DISPLAY_NAME, PARENT_CATEGORY) VALUES ('cremas-solares', 'Cremas solares', 'perfumeria,-higiene,-salud');
INSERT INTO CATEGORIES (UNIQUE_NAME, DISPLAY_NAME, PARENT_CATEGORY) VALUES ('compresas-y-cuidado-intimo', 'Compresas y cuidado íntimo', 'perfumeria,-higiene,-salud');
INSERT INTO CATEGORIES (UNIQUE_NAME, DISPLAY_NAME, PARENT_CATEGORY) VALUES ('complementos-nutricionales', 'Complementos nutricionales', 'perfumeria,-higiene,-salud');
INSERT INTO CATEGORIES (UNIQUE_NAME, DISPLAY_NAME, PARENT_CATEGORY) VALUES ('parafarmacia', 'Parafarmacia', 'perfumeria,-higiene,-salud');